batter,season,overall_key_count,home_key_count,away_key_count,batter_surname
David Warner,2016,12.0,6.0,6.0,Warner
Shaun Marsh,2008,10.0,5.0,5.0,Marsh
Chris Gayle,2012,9.0,2.0,7.0,Gayle
Jos Buttler,2022,9.0,5.0,4.0,Buttler
Gautam Gambhir,2012,8.0,4.0,4.0,Gambhir
Virender Sehwag,2012,8.0,4.0,4.0,Sehwag
Chris Gayle,2013,8.0,5.0,3.0,Gayle
David Warner,2017,8.0,5.0,3.0,Warner
Rishabh Pant,2018,8.0,5.0,3.0,Pant
Robin Uthappa,2014,8.0,5.0,3.0,Uthappa
Dinesh Karthik ,2018,8.0,5.0,3.0,Karthik
Jean-Paul Duminy,2009,7.0,2.0,5.0,Duminy
Kane Williamson,2018,7.0,2.0,5.0,Williamson
Quinton de Kock,2016,7.0,2.0,5.0,deKock
Jacques Kallis,2010,7.0,3.0,4.0,Kallis
KL Rahul,2018,7.0,3.0,4.0,Rahul
Michael Hussey,2013,7.0,3.0,4.0,Hussey
Sachin Tendulkar,2010,7.0,3.0,4.0,Tendulkar
AB de Villiers,2018,7.0,4.0,3.0,deVilliers
Sachin Tendulkar ,2011,7.0,4.0,3.0,Tendulkar
Chris Lynn,2018,7.0,5.0,2.0,Lynn
Matthew Hayden,2009,7.0,5.0,2.0,Hayden
Shikhar Dhawan,2021,7.0,5.0,2.0,Dhawan
Rahul Dravid ,2011,7.0,5.0,2.0,Dravid
Jos Buttler,2018,6.0,2.0,4.0,Buttler
Lendl Simmons,2015,6.0,2.0,4.0,Simmons
Rohit Sharma,2012,6.0,2.0,4.0,Sharma
Ruturaj Gaikwad,2021,6.0,2.0,4.0,Gaikwad
Sanju Samson,2021,6.0,2.0,4.0,Samson
Shikhar Dhawan,2016,6.0,2.0,4.0,Dhawan
Ajinkya Rahane ,2017,6.0,2.0,4.0,Rahane
Eoin Morgan ,2020,6.0,2.0,4.0,Morgan
AB de Villiers,2016,6.0,3.0,3.0,deVilliers
Ajinkya Rahane,2016,6.0,3.0,3.0,Rahane
Andre Russell,2022,6.0,3.0,3.0,Russell
Chris Gayle,2011,6.0,3.0,3.0,Gayle
David Warner,2015,6.0,3.0,3.0,Warner
David Warner,2023,6.0,3.0,3.0,Warner
Gautam Gambhir,2013,6.0,3.0,3.0,Gambhir
Quinton de Kock,2022,6.0,3.0,3.0,deKock
Sanath Jayasuriya,2008,6.0,3.0,3.0,Jayasuriya
Shreyas Iyer,2019,6.0,3.0,3.0,Iyer
Virat Kohli,2016,6.0,3.0,3.0,Kohli
David Miller ,2014,6.0,3.0,3.0,Miller
Kane Williamson ,2018,6.0,3.0,3.0,Williamson
Mandeep Singh ,2013,6.0,3.0,3.0,Singh
Robin Uthappa ,2010,6.0,3.0,3.0,Uthappa
Shimron Hetmyer ,2022,6.0,3.0,3.0,Hetmyer
Suryakumar Yadav ,2023,6.0,3.0,3.0,Yadav
Ajinkya Rahane,2013,6.0,4.0,2.0,Rahane
David Warner,2013,6.0,4.0,2.0,Warner
David Warner,2022,6.0,4.0,2.0,Warner
KL Rahul,2019,6.0,4.0,2.0,Rahul
Rohit Sharma,2013,6.0,4.0,2.0,Sharma
Shikhar Dhawan,2020,6.0,4.0,2.0,Dhawan
Suryakumar Yadav,2018,6.0,4.0,2.0,Yadav
MS Dhoni ,2008,6.0,4.0,2.0,Dhoni
Ruturaj Gaikwad ,2023,6.0,4.0,2.0,Gaikwad
Virat Kohli ,2016,6.0,4.0,2.0,Kohli
Shubman Gill,2023,6.0,5.0,1.0,Gill
MS Dhoni ,2009,6.0,5.0,1.0,Dhoni
Saurabh Tiwary ,2010,6.0,5.0,1.0,Tiwary
Abhishek Sharma,2022,5.0,1.0,4.0,Sharma
Dwayne Smith,2014,5.0,1.0,4.0,Smith
Rishabh Pant,2019,5.0,1.0,4.0,Pant
Abhishek Nayar ,2009,5.0,1.0,4.0,Nayar
Ambati Rayudu ,2013,5.0,1.0,4.0,Rayudu
Ambati Rayudu ,2020,5.0,1.0,4.0,Rayudu
Jean-Paul Duminy ,2015,5.0,1.0,4.0,Duminy
Rahul Dravid ,2008,5.0,1.0,4.0,Dravid
Ravindra Jadeja ,2009,5.0,1.0,4.0,Jadeja
Sachin Tendulkar ,2009,5.0,1.0,4.0,Tendulkar
Stuart Binny ,2013,5.0,1.0,4.0,Binny
Ambati Rayudu,2018,5.0,2.0,3.0,Rayudu
David Miller,2013,5.0,2.0,3.0,Miller
David Warner,2014,5.0,2.0,3.0,Warner
Dwayne Smith,2013,5.0,2.0,3.0,Smith
Faf du Plessis,2015,5.0,2.0,3.0,duPlessis
KL Rahul,2022,5.0,2.0,3.0,Rahul
Ravindra Jadeja,2011,5.0,2.0,3.0,Jadeja
Rohit Sharma,2016,5.0,2.0,3.0,Sharma
Sanju Samson,2023,5.0,2.0,3.0,Samson
Shikhar Dhawan,2013,5.0,2.0,3.0,Dhawan
Shubman Gill,2020,5.0,2.0,3.0,Gill
Virat Kohli,2011,5.0,2.0,3.0,Kohli
Virat Kohli,2015,5.0,2.0,3.0,Kohli
Virat Kohli,2018,5.0,2.0,3.0,Kohli
Virender Sehwag,2008,5.0,2.0,3.0,Sehwag
AB de Villiers ,2020,5.0,2.0,3.0,deVilliers
Aiden Markram ,2022,5.0,2.0,3.0,Markram
Ajinkya Rahane ,2018,5.0,2.0,3.0,Rahane
Andre Russell ,2023,5.0,2.0,3.0,Russell
Deepak Hooda ,2022,5.0,2.0,3.0,Hooda
Devdutt Padikkal ,2022,5.0,2.0,3.0,Padikkal
Gautam Gambhir ,2008,5.0,2.0,3.0,Gambhir
KL Rahul ,2020,5.0,2.0,3.0,Rahul
Kevin Pietersen ,2012,5.0,2.0,3.0,Pietersen
Mithun Manhas ,2010,5.0,2.0,3.0,Manhas
Moeen Ali ,2019,5.0,2.0,3.0,Ali
Robin Uthappa ,2008,5.0,2.0,3.0,Uthappa
Saurabh Tiwary ,2012,5.0,2.0,3.0,Tiwary
Shikhar Dhawan ,2014,5.0,2.0,3.0,Dhawan
Shikhar Dhawan ,2015,5.0,2.0,3.0,Dhawan
Virat Kohli ,2012,5.0,2.0,3.0,Kohli
Virat Kohli ,2015,5.0,2.0,3.0,Kohli
Yusuf Pathan ,2008,5.0,2.0,3.0,Pathan
Ambati Rayudu,2011,5.0,3.0,2.0,Rayudu
David Hussey,2012,5.0,3.0,2.0,Hussey
David Warner,2019,5.0,3.0,2.0,Warner
Devdutt Padikkal,2021,5.0,3.0,2.0,Padikkal
Gautam Gambhir,2016,5.0,3.0,2.0,Gambhir
Glenn Maxwell,2021,5.0,3.0,2.0,Maxwell
Graeme Smith,2008,5.0,3.0,2.0,Smith
Jacques Kallis,2011,5.0,3.0,2.0,Kallis
KL Rahul,2020,5.0,3.0,2.0,Rahul
Murali Vijay,2016,5.0,3.0,2.0,Vijay
Quinton de Kock,2019,5.0,3.0,2.0,deKock
Rahul Dravid,2010,5.0,3.0,2.0,Dravid
Sachin Tendulkar,2011,5.0,3.0,2.0,Tendulkar
Shaun Marsh,2011,5.0,3.0,2.0,Marsh
Shikhar Dhawan,2018,5.0,3.0,2.0,Dhawan
Shreyas Iyer,2015,5.0,3.0,2.0,Iyer
Shubman Gill,2021,5.0,3.0,2.0,Gill
Shubman Gill,2022,5.0,3.0,2.0,Gill
Steven Smith,2017,5.0,3.0,2.0,Smith
Suresh Raina,2014,5.0,3.0,2.0,Raina
Virat Kohli,2013,5.0,3.0,2.0,Kohli
Virat Kohli,2019,5.0,3.0,2.0,Kohli
AB de Villiers ,2014,5.0,3.0,2.0,deVilliers
David Warner ,2019,5.0,3.0,2.0,Warner
David Warner ,2020,5.0,3.0,2.0,Warner
Faf du Plessis ,2021,5.0,3.0,2.0,duPlessis
Irfan Pathan ,2009,5.0,3.0,2.0,Pathan
Krunal Pandya ,2018,5.0,3.0,2.0,Pandya
Manoj Tiwary ,2011,5.0,3.0,2.0,Tiwary
Michael Hussey ,2011,5.0,3.0,2.0,Hussey
Michael Hussey ,2013,5.0,3.0,2.0,Hussey
Rahul Dravid ,2009,5.0,3.0,2.0,Dravid
Rahul Dravid ,2013,5.0,3.0,2.0,Dravid
Rishabh Pant ,2020,5.0,3.0,2.0,Pant
Shikhar Dhawan ,2019,5.0,3.0,2.0,Dhawan
Suresh Raina ,2019,5.0,3.0,2.0,Raina
Virat Kohli ,2010,5.0,3.0,2.0,Kohli
Virat Kohli ,2013,5.0,3.0,2.0,Kohli
AB de Villiers,2009,5.0,4.0,1.0,deVilliers
Ajinkya Rahane,2015,5.0,4.0,1.0,Rahane
Devon Conway,2023,5.0,4.0,1.0,Conway
Faf du Plessis,2021,5.0,4.0,1.0,duPlessis
Gautam Gambhir,2011,5.0,4.0,1.0,Gambhir
Suresh Raina,2008,5.0,4.0,1.0,Raina
Virat Kohli,2020,5.0,4.0,1.0,Kohli
Azhar Mahmood ,2012,5.0,4.0,1.0,Mahmood
MS Dhoni ,2015,5.0,4.0,1.0,Dhoni
Parthiv Patel ,2008,5.0,4.0,1.0,Patel
Shikhar Dhawan ,2008,5.0,5.0,0.0,Dhawan
Devdutt Padikkal,2020,4.0,0.0,4.0,Padikkal
Hardik Pandya,2022,4.0,0.0,4.0,Pandya
Ishan Kishan,2020,4.0,0.0,4.0,Kishan
Mandeep Singh,2012,4.0,0.0,4.0,Singh
Rahul Dravid,2013,4.0,0.0,4.0,Dravid
S Badrinath ,2010,4.0,0.0,4.0,Badrinath
Suryakumar Yadav ,2020,4.0,0.0,4.0,Yadav
Aaron Finch,2016,4.0,1.0,3.0,Finch
Andre Russell,2019,4.0,1.0,3.0,Russell
Ben Stokes,2017,4.0,1.0,3.0,Stokes
Brad Hodge,2009,4.0,1.0,3.0,Hodge
Chris Gayle,2015,4.0,1.0,3.0,Gayle
Chris Lynn,2019,4.0,1.0,3.0,Lynn
David Warner,2011,4.0,1.0,3.0,Warner
Dinesh Karthik,2009,4.0,1.0,3.0,Karthik
Faf du Plessis,2020,4.0,1.0,3.0,duPlessis
Faf du Plessis,2022,4.0,1.0,3.0,duPlessis
Faf du Plessis,2023,4.0,1.0,3.0,duPlessis
Mahela Jayawardene,2010,4.0,1.0,3.0,Jayawardene
Parthiv Patel,2019,4.0,1.0,3.0,Patel
S Badrinath,2011,4.0,1.0,3.0,Badrinath
Sanju Samson,2018,4.0,1.0,3.0,Samson
Suresh Raina,2010,4.0,1.0,3.0,Raina
Suryakumar Yadav,2022,4.0,1.0,3.0,Yadav
Wriddhiman Saha,2014,4.0,1.0,3.0,Saha
Yusuf Pathan,2008,4.0,1.0,3.0,Pathan
Yusuf Pathan,2010,4.0,1.0,3.0,Pathan
AB de Villiers ,2012,4.0,1.0,3.0,deVilliers
AB de Villiers ,2013,4.0,1.0,3.0,deVilliers
Adam Gilchrist ,2011,4.0,1.0,3.0,Gilchrist
Andrew Symonds ,2010,4.0,1.0,3.0,Symonds
David Miller ,2022,4.0,1.0,3.0,Miller
David Warner ,2017,4.0,1.0,3.0,Warner
David Warner ,2021,4.0,1.0,3.0,Warner
James Franklin ,2012,4.0,1.0,3.0,Franklin
KL Rahul ,2016,4.0,1.0,3.0,Rahul
Mahela Jayawardene ,2013,4.0,1.0,3.0,Jayawardene
Nicholas Pooran ,2023,4.0,1.0,3.0,Pooran
Rajat Patidar ,2022,4.0,1.0,3.0,Patidar
Ravindra Jadeja ,2013,4.0,1.0,3.0,Jadeja
Rishabh Pant ,2021,4.0,1.0,3.0,Pant
Robin Uthappa ,2016,4.0,1.0,3.0,Uthappa
Suryakumar Yadav ,2019,4.0,1.0,3.0,Yadav
Virat Kohli ,2011,4.0,1.0,3.0,Kohli
Virat Kohli ,2014,4.0,1.0,3.0,Kohli
Yusuf Pathan ,2014,4.0,1.0,3.0,Pathan
Ajinkya Rahane,2012,4.0,2.0,2.0,Rahane
Ambati Rayudu,2014,4.0,2.0,2.0,Rayudu
Brendon McCullum,2011,4.0,2.0,2.0,McCullum
David Hussey,2008,4.0,2.0,2.0,Hussey
David Warner,2020,4.0,2.0,2.0,Warner
Faf du Plessis,2019,4.0,2.0,2.0,duPlessis
Glenn Maxwell,2014,4.0,2.0,2.0,Maxwell
Ishan Kishan,2022,4.0,2.0,2.0,Kishan
Jean-Paul Duminy,2014,4.0,2.0,2.0,Duminy
Karun Nair,2014,4.0,2.0,2.0,Nair
Kumar Sangakkara,2009,4.0,2.0,2.0,Sangakkara
Manish Pandey,2017,4.0,2.0,2.0,Pandey
Manish Pandey,2021,4.0,2.0,2.0,Pandey
Nitish Rana,2023,4.0,2.0,2.0,Rana
Prithvi Shaw,2021,4.0,2.0,2.0,Shaw
Rahul Dravid,2012,4.0,2.0,2.0,Dravid
Rishabh Pant,2017,4.0,2.0,2.0,Pant
Robin Uthappa,2013,4.0,2.0,2.0,Uthappa
Robin Uthappa,2017,4.0,2.0,2.0,Uthappa
Rohit Sharma,2010,4.0,2.0,2.0,Sharma
Rohit Sharma,2014,4.0,2.0,2.0,Sharma
Shane Watson,2008,4.0,2.0,2.0,Watson
Shane Watson,2019,4.0,2.0,2.0,Watson
Shaun Marsh,2012,4.0,2.0,2.0,Marsh
Sourav Ganguly,2008,4.0,2.0,2.0,Ganguly
Sunny Sohal,2011,4.0,2.0,2.0,Sohal
Virender Sehwag,2014,4.0,2.0,2.0,Sehwag
Yashasvi Jaiswal,2022,4.0,2.0,2.0,Jaiswal
Yashasvi Jaiswal,2023,4.0,2.0,2.0,Jaiswal
Yusuf Pathan,2013,4.0,2.0,2.0,Pathan
Yusuf Pathan,2016,4.0,2.0,2.0,Pathan
Yuvraj Singh,2009,4.0,2.0,2.0,Singh
Yuvraj Singh,2014,4.0,2.0,2.0,Singh
Yuvraj Singh,2017,4.0,2.0,2.0,Singh
AB de Villiers ,2015,4.0,2.0,2.0,deVilliers
Ajinkya Rahane ,2012,4.0,2.0,2.0,Rahane
Ambati Rayudu ,2012,4.0,2.0,2.0,Rayudu
Ashok Menaria ,2012,4.0,2.0,2.0,Menaria
Dwayne Bravo ,2012,4.0,2.0,2.0,Bravo
Eoin Morgan ,2013,4.0,2.0,2.0,Morgan
Graeme Smith ,2008,4.0,2.0,2.0,Smith
Irfan Pathan ,2013,4.0,2.0,2.0,Pathan
Karun Nair ,2017,4.0,2.0,2.0,Nair
Kumar Sangakkara ,2010,4.0,2.0,2.0,Sangakkara
MS Dhoni ,2019,4.0,2.0,2.0,Dhoni
Mandeep Singh ,2012,4.0,2.0,2.0,Singh
Mayank Agarwal ,2019,4.0,2.0,2.0,Agarwal
Murali Vijay ,2010,4.0,2.0,2.0,Vijay
Prithvi Shaw ,2021,4.0,2.0,2.0,Shaw
Quinton de Kock ,2019,4.0,2.0,2.0,deKock
Quinton de Kock ,2020,4.0,2.0,2.0,deKock
Quinton de Kock ,2021,4.0,2.0,2.0,deKock
Rahul Tripathi ,2021,4.0,2.0,2.0,Tripathi
Rinku Singh ,2023,4.0,2.0,2.0,Singh
Robin Uthappa ,2014,4.0,2.0,2.0,Uthappa
Rohit Sharma ,2015,4.0,2.0,2.0,Sharma
Sanju Samson ,2022,4.0,2.0,2.0,Samson
Shane Watson ,2011,4.0,2.0,2.0,Watson
Shane Watson ,2018,4.0,2.0,2.0,Watson
Shreyas Iyer ,2020,4.0,2.0,2.0,Iyer
Shubman Gill ,2021,4.0,2.0,2.0,Gill
Sourav Ganguly ,2008,4.0,2.0,2.0,Ganguly
Sourav Ganguly ,2010,4.0,2.0,2.0,Ganguly
Suresh Raina ,2018,4.0,2.0,2.0,Raina
Usman Khawaja ,2016,4.0,2.0,2.0,Khawaja
Venkatesh Iyer ,2021,4.0,2.0,2.0,Iyer
Wriddhiman Saha ,2023,4.0,2.0,2.0,Saha
AB de Villiers,2020,4.0,3.0,1.0,deVilliers
Brad Hodge,2012,4.0,3.0,1.0,Hodge
Brendon McCullum,2015,4.0,3.0,1.0,McCullum
Chris Gayle,2018,4.0,3.0,1.0,Gayle
Dinesh Karthik,2014,4.0,3.0,1.0,Karthik
Hashim Amla,2017,4.0,3.0,1.0,Amla
Ishan Kishan,2023,4.0,3.0,1.0,Kishan
Johan Botha,2011,4.0,3.0,1.0,Botha
Jonny Bairstow,2019,4.0,3.0,1.0,Bairstow
Nicholas Pooran,2020,4.0,3.0,1.0,Pooran
Nitish Rana,2017,4.0,3.0,1.0,Rana
Paul Valthaty,2011,4.0,3.0,1.0,Valthaty
Rahul Tripathi,2022,4.0,3.0,1.0,Tripathi
Shreyas Iyer,2020,4.0,3.0,1.0,Iyer
Suresh Raina,2012,4.0,3.0,1.0,Raina
Virat Kohli,2023,4.0,3.0,1.0,Kohli
Virender Sehwag,2011,4.0,3.0,1.0,Sehwag
Brendon McCullum ,2012,4.0,3.0,1.0,McCullum
Brendon McCullum ,2016,4.0,3.0,1.0,McCullum
David Warner ,2014,4.0,3.0,1.0,Warner
Evin Lewis ,2018,4.0,3.0,1.0,Lewis
Faf du Plessis ,2023,4.0,3.0,1.0,duPlessis
Heinrich Klaasen ,2023,4.0,3.0,1.0,Klaasen
Kevin Pietersen ,2014,4.0,3.0,1.0,Pietersen
Kieron Pollard ,2015,4.0,3.0,1.0,Pollard
Kumar Sangakkara ,2008,4.0,3.0,1.0,Sangakkara
MS Dhoni ,2010,4.0,3.0,1.0,Dhoni
Manan Vohra ,2014,4.0,3.0,1.0,Vohra
Michael Hussey ,2012,4.0,3.0,1.0,Hussey
Moises Henriques ,2017,4.0,3.0,1.0,Henriques
Parthiv Patel ,2017,4.0,3.0,1.0,Patel
Rohit Sharma ,2017,4.0,3.0,1.0,Sharma
Sanju Samson ,2014,4.0,3.0,1.0,Samson
Sanju Samson ,2018,4.0,3.0,1.0,Samson
Shane Watson ,2013,4.0,3.0,1.0,Watson
Shane Watson ,2015,4.0,3.0,1.0,Watson
Shikhar Dhawan ,2012,4.0,3.0,1.0,Dhawan
Shikhar Dhawan ,2016,4.0,3.0,1.0,Dhawan
Suresh Raina ,2011,4.0,3.0,1.0,Raina
Virat Kohli ,2021,4.0,3.0,1.0,Kohli
Yusuf Pathan ,2011,4.0,3.0,1.0,Pathan
Faf du Plessis,2012,4.0,4.0,0.0,duPlessis
Gautam Gambhir,2008,4.0,4.0,0.0,Gambhir
Jacques Kallis,2009,4.0,4.0,0.0,Kallis
MS Dhoni,2013,4.0,4.0,0.0,Dhoni
Hardik Pandya ,2022,4.0,4.0,0.0,Pandya
Manish Pandey ,2016,4.0,4.0,0.0,Pandey
AB de Villiers,2011,3.0,0.0,3.0,deVilliers
Abhishek Sharma,2023,3.0,0.0,3.0,Sharma
Ashok Menaria,2011,3.0,0.0,3.0,Menaria
Axar Patel,2017,3.0,0.0,3.0,Patel
Jos Buttler,2020,3.0,0.0,3.0,Buttler
Manish Pandey,2019,3.0,0.0,3.0,Pandey
Mark Boucher,2008,3.0,0.0,3.0,Boucher
Mitchell Marsh,2022,3.0,0.0,3.0,Marsh
Owais Shah,2012,3.0,0.0,3.0,Shah
Rahul Tripathi,2017,3.0,0.0,3.0,Tripathi
Rahul Tripathi,2021,3.0,0.0,3.0,Tripathi
Rohit Sharma,2008,3.0,0.0,3.0,Sharma
Rohit Sharma,2020,3.0,0.0,3.0,Sharma
Rohit Sharma,2021,3.0,0.0,3.0,Sharma
Ajinkya Rahane ,2019,3.0,0.0,3.0,Rahane
Cameron White ,2013,3.0,0.0,3.0,White
Chris Lynn ,2017,3.0,0.0,3.0,Lynn
Dinesh Karthik ,2022,3.0,0.0,3.0,Karthik
Gautam Gambhir ,2012,3.0,0.0,3.0,Gambhir
Jacques Kallis ,2012,3.0,0.0,3.0,Kallis
Jos Buttler ,2016,3.0,0.0,3.0,Buttler
MS Dhoni ,2013,3.0,0.0,3.0,Dhoni
Mayank Agarwal ,2011,3.0,0.0,3.0,Agarwal
Rishabh Pant ,2018,3.0,0.0,3.0,Pant
Robin Uthappa ,2018,3.0,0.0,3.0,Uthappa
Rohit Sharma ,2022,3.0,0.0,3.0,Sharma
Tilak Varma ,2022,3.0,0.0,3.0,Varma
AB de Villiers,2015,3.0,1.0,2.0,deVilliers
AB de Villiers,2017,3.0,1.0,2.0,deVilliers
Ajinkya Rahane,2014,3.0,1.0,2.0,Rahane
Ambati Rayudu,2022,3.0,1.0,2.0,Rayudu
Andre Russell,2015,3.0,1.0,2.0,Russell
Andrew Symonds,2010,3.0,1.0,2.0,Symonds
Ben Stokes,2020,3.0,1.0,2.0,Stokes
Cameron Green,2023,3.0,1.0,2.0,Green
Chris Gayle,2010,3.0,1.0,2.0,Gayle
Chris Gayle,2019,3.0,1.0,2.0,Gayle
Chris Lynn,2017,3.0,1.0,2.0,Lynn
David Miller,2015,3.0,1.0,2.0,Miller
Dinesh Karthik,2013,3.0,1.0,2.0,Karthik
Dwayne Bravo,2008,3.0,1.0,2.0,Bravo
Dwayne Bravo,2012,3.0,1.0,2.0,Bravo
Evin Lewis,2018,3.0,1.0,2.0,Lewis
Gautam Gambhir,2010,3.0,1.0,2.0,Gambhir
Gautam Gambhir,2014,3.0,1.0,2.0,Gambhir
Herschelle Gibbs,2009,3.0,1.0,2.0,Gibbs
Jason Roy,2023,3.0,1.0,2.0,Roy
Jonny Bairstow,2021,3.0,1.0,2.0,Bairstow
Jos Buttler,2017,3.0,1.0,2.0,Buttler
KL Rahul,2021,3.0,1.0,2.0,Rahul
Kane Williamson,2020,3.0,1.0,2.0,Williamson
Kieron Pollard,2013,3.0,1.0,2.0,Pollard
Kyle Mayers,2023,3.0,1.0,2.0,Mayers
Lendl Simmons,2014,3.0,1.0,2.0,Simmons
MS Dhoni,2019,3.0,1.0,2.0,Dhoni
Manan Vohra,2013,3.0,1.0,2.0,Vohra
Manish Pandey,2020,3.0,1.0,2.0,Pandey
Matthew Hayden,2010,3.0,1.0,2.0,Hayden
Moises Henriques,2015,3.0,1.0,2.0,Henriques
Murali Vijay,2011,3.0,1.0,2.0,Vijay
Naman Ojha,2010,3.0,1.0,2.0,Ojha
Nitish Rana,2020,3.0,1.0,2.0,Rana
Nitish Rana,2022,3.0,1.0,2.0,Rana
Prabhsimran Singh,2023,3.0,1.0,2.0,Singh
Rahul Dravid,2008,3.0,1.0,2.0,Dravid
Rahul Tripathi,2023,3.0,1.0,2.0,Tripathi
Robin Uthappa,2015,3.0,1.0,2.0,Uthappa
Robin Uthappa,2016,3.0,1.0,2.0,Uthappa
Rohit Sharma,2019,3.0,1.0,2.0,Sharma
Ruturaj Gaikwad,2022,3.0,1.0,2.0,Gaikwad
Sachin Tendulkar,2009,3.0,1.0,2.0,Tendulkar
Sanju Samson,2017,3.0,1.0,2.0,Samson
Sanju Samson,2019,3.0,1.0,2.0,Samson
Saurabh Tiwary,2021,3.0,1.0,2.0,Tiwary
Shreyas Iyer,2017,3.0,1.0,2.0,Iyer
Stephen Fleming,2008,3.0,1.0,2.0,Fleming
Steven Smith,2012,3.0,1.0,2.0,Smith
Suresh Raina,2013,3.0,1.0,2.0,Raina
Tillakaratne Dilshan,2009,3.0,1.0,2.0,Dilshan
Tillakaratne Dilshan,2012,3.0,1.0,2.0,Dilshan
Venkatesh Iyer,2023,3.0,1.0,2.0,Iyer
Virat Kohli,2014,3.0,1.0,2.0,Kohli
Virat Kohli,2017,3.0,1.0,2.0,Kohli
Virender Sehwag,2010,3.0,1.0,2.0,Sehwag
Wriddhiman Saha,2016,3.0,1.0,2.0,Saha
Yusuf Pathan,2015,3.0,1.0,2.0,Pathan
AB de Villiers ,2016,3.0,1.0,2.0,deVilliers
Adam Gilchrist ,2012,3.0,1.0,2.0,Gilchrist
Aiden Markram ,2023,3.0,1.0,2.0,Markram
Ambati Rayudu ,2010,3.0,1.0,2.0,Rayudu
Ambati Rayudu ,2019,3.0,1.0,2.0,Rayudu
Axar Patel ,2023,3.0,1.0,2.0,Patel
Corey Anderson ,2014,3.0,1.0,2.0,Anderson
David Hussey ,2008,3.0,1.0,2.0,Hussey
David Miller ,2017,3.0,1.0,2.0,Miller
David Miller ,2023,3.0,1.0,2.0,Miller
David Warner ,2016,3.0,1.0,2.0,Warner
Dinesh Karthik ,2014,3.0,1.0,2.0,Karthik
Dwayne Smith ,2015,3.0,1.0,2.0,Smith
Gautam Gambhir ,2011,3.0,1.0,2.0,Gambhir
Gautam Gambhir ,2017,3.0,1.0,2.0,Gambhir
Gurkeerat Singh Mann ,2016,3.0,1.0,2.0,SinghMann
Jos Buttler ,2023,3.0,1.0,2.0,Buttler
KL Rahul ,2019,3.0,1.0,2.0,Rahul
Kieron Pollard ,2011,3.0,1.0,2.0,Pollard
Kieron Pollard ,2012,3.0,1.0,2.0,Pollard
Kieron Pollard ,2020,3.0,1.0,2.0,Pollard
Krunal Pandya ,2016,3.0,1.0,2.0,Pandya
Krunal Pandya ,2017,3.0,1.0,2.0,Pandya
Lendl Simmons ,2015,3.0,1.0,2.0,Simmons
Liam Livingstone ,2019,3.0,1.0,2.0,Livingstone
Luke Pomersbach ,2008,3.0,1.0,2.0,Pomersbach
MS Dhoni ,2022,3.0,1.0,2.0,Dhoni
Marcus Stoinis ,2019,3.0,1.0,2.0,Stoinis
Moises Henriques ,2016,3.0,1.0,2.0,Henriques
Nitish Rana ,2023,3.0,1.0,2.0,Rana
Paul Valthaty ,2011,3.0,1.0,2.0,Valthaty
Piyush Chawla ,2011,3.0,1.0,2.0,Chawla
Prithvi Shaw ,2022,3.0,1.0,2.0,Shaw
Rahul Dravid ,2012,3.0,1.0,2.0,Dravid
Rahul Tewatia ,2020,3.0,1.0,2.0,Tewatia
Rishabh Pant ,2016,3.0,1.0,2.0,Pant
Rishabh Pant ,2022,3.0,1.0,2.0,Pant
Rohit Sharma ,2013,3.0,1.0,2.0,Sharma
Rohit Sharma ,2021,3.0,1.0,2.0,Sharma
Ryan ten Doeschate ,2013,3.0,1.0,2.0,tenDoeschate
Sanju Samson ,2016,3.0,1.0,2.0,Samson
Sanju Samson ,2017,3.0,1.0,2.0,Samson
Shikhar Dhawan ,2011,3.0,1.0,2.0,Dhawan
Shimron Hetmyer ,2023,3.0,1.0,2.0,Hetmyer
Shreyas Iyer ,2018,3.0,1.0,2.0,Iyer
Shreyas Iyer ,2022,3.0,1.0,2.0,Iyer
Suresh Raina ,2008,3.0,1.0,2.0,Raina
Suresh Raina ,2012,3.0,1.0,2.0,Raina
Suresh Raina ,2014,3.0,1.0,2.0,Raina
Suresh Raina ,2017,3.0,1.0,2.0,Raina
Thisara Perera ,2013,3.0,1.0,2.0,Perera
Venugopal Rao ,2011,3.0,1.0,2.0,Rao
Venugopal Rao ,2012,3.0,1.0,2.0,Rao
Virat Kohli ,2023,3.0,1.0,2.0,Kohli
Wriddhiman Saha ,2015,3.0,1.0,2.0,Saha
Yusuf Pathan ,2015,3.0,1.0,2.0,Pathan
Yusuf Pathan ,2018,3.0,1.0,2.0,Pathan
AB de Villiers,2019,3.0,2.0,1.0,deVilliers
Adam Gilchrist,2011,3.0,2.0,1.0,Gilchrist
Aiden Markram,2022,3.0,2.0,1.0,Markram
Ambati Rayudu,2010,3.0,2.0,1.0,Rayudu
Ambati Rayudu,2015,3.0,2.0,1.0,Rayudu
Brad Hodge,2013,3.0,2.0,1.0,Hodge
Deepak Hooda,2022,3.0,2.0,1.0,Hooda
Dinesh Karthik,2012,3.0,2.0,1.0,Karthik
Dwayne Smith,2015,3.0,2.0,1.0,Smith
Gautam Gambhir,2015,3.0,2.0,1.0,Gambhir
Gautam Gambhir,2017,3.0,2.0,1.0,Gambhir
Glenn Maxwell,2023,3.0,2.0,1.0,Maxwell
Jacques Kallis,2013,3.0,2.0,1.0,Kallis
Jonny Bairstow,2020,3.0,2.0,1.0,Bairstow
Jos Buttler,2019,3.0,2.0,1.0,Buttler
Jos Buttler,2023,3.0,2.0,1.0,Buttler
KL Rahul,2016,3.0,2.0,1.0,Rahul
Karun Nair,2016,3.0,2.0,1.0,Nair
Kedar Jadhav,2013,3.0,2.0,1.0,Jadhav
Kieron Pollard,2019,3.0,2.0,1.0,Pollard
Mahela Jayawardene,2009,3.0,2.0,1.0,Jayawardene
Mahela Jayawardene,2012,3.0,2.0,1.0,Jayawardene
Manish Pandey,2011,3.0,2.0,1.0,Pandey
Marcus Stoinis,2020,3.0,2.0,1.0,Stoinis
Murali Vijay,2010,3.0,2.0,1.0,Vijay
Murali Vijay,2012,3.0,2.0,1.0,Vijay
Nitish Rana,2021,3.0,2.0,1.0,Rana
Parthiv Patel,2013,3.0,2.0,1.0,Patel
Parthiv Patel,2017,3.0,2.0,1.0,Patel
Rishabh Pant,2022,3.0,2.0,1.0,Pant
Robin Uthappa,2012,3.0,2.0,1.0,Uthappa
Roelof van der Merwe,2009,3.0,2.0,1.0,vanderMerwe
Rohit Sharma,2011,3.0,2.0,1.0,Sharma
Rohit Sharma,2017,3.0,2.0,1.0,Sharma
Ross Taylor,2011,3.0,2.0,1.0,Taylor
Ruturaj Gaikwad,2020,3.0,2.0,1.0,Gaikwad
Sachin Tendulkar,2012,3.0,2.0,1.0,Tendulkar
Saurabh Tiwary,2010,3.0,2.0,1.0,Tiwary
Shane Watson,2012,3.0,2.0,1.0,Watson
Shane Watson,2013,3.0,2.0,1.0,Watson
Shaun Marsh,2013,3.0,2.0,1.0,Marsh
Shikhar Dhawan,2019,3.0,2.0,1.0,Dhawan
Shivam Dube,2022,3.0,2.0,1.0,Dube
Shivam Dube,2023,3.0,2.0,1.0,Dube
Shreyas Iyer,2021,3.0,2.0,1.0,Iyer
Shreyas Iyer,2022,3.0,2.0,1.0,Iyer
Sourav Ganguly,2009,3.0,2.0,1.0,Ganguly
Suresh Raina,2011,3.0,2.0,1.0,Raina
Suresh Raina,2018,3.0,2.0,1.0,Raina
Tilak Varma,2022,3.0,2.0,1.0,Varma
Virat Kohli,2021,3.0,2.0,1.0,Kohli
Wriddhiman Saha,2022,3.0,2.0,1.0,Saha
AB de Villiers ,2019,3.0,2.0,1.0,deVilliers
Ajinkya Rahane ,2015,3.0,2.0,1.0,Rahane
Ambati Rayudu ,2014,3.0,2.0,1.0,Rayudu
Andre Russell ,2015,3.0,2.0,1.0,Russell
Andrew Symonds ,2009,3.0,2.0,1.0,Symonds
Brad Hodge ,2011,3.0,2.0,1.0,Hodge
Brendon McCullum ,2011,3.0,2.0,1.0,McCullum
Brendon McCullum ,2018,3.0,2.0,1.0,McCullum
Chris Gayle ,2011,3.0,2.0,1.0,Gayle
David Hussey ,2014,3.0,2.0,1.0,Hussey
David Warner ,2009,3.0,2.0,1.0,Warner
Devdutt Padikkal ,2020,3.0,2.0,1.0,Padikkal
Devon Conway ,2023,3.0,2.0,1.0,Conway
Dinesh Karthik ,2012,3.0,2.0,1.0,Karthik
Faf du Plessis ,2022,3.0,2.0,1.0,duPlessis
Gautam Gambhir ,2016,3.0,2.0,1.0,Gambhir
Glenn Maxwell ,2017,3.0,2.0,1.0,Maxwell
Glenn Maxwell ,2021,3.0,2.0,1.0,Maxwell
Irfan Pathan ,2010,3.0,2.0,1.0,Pathan
Ishan Kishan ,2020,3.0,2.0,1.0,Kishan
Jacques Kallis ,2013,3.0,2.0,1.0,Kallis
Jean-Paul Duminy ,2016,3.0,2.0,1.0,Duminy
Jesse Ryder ,2011,3.0,2.0,1.0,Ryder
Jonny Bairstow ,2021,3.0,2.0,1.0,Bairstow
KL Rahul ,2018,3.0,2.0,1.0,Rahul
KL Rahul ,2022,3.0,2.0,1.0,Rahul
Kane Williamson ,2017,3.0,2.0,1.0,Williamson
Karan Goel ,2009,3.0,2.0,1.0,Goel
Kevin Pietersen ,2010,3.0,2.0,1.0,Pietersen
Kieron Pollard ,2016,3.0,2.0,1.0,Pollard
Kieron Pollard ,2017,3.0,2.0,1.0,Pollard
Kyle Mayers ,2023,3.0,2.0,1.0,Mayers
Lendl Simmons ,2014,3.0,2.0,1.0,Simmons
MS Dhoni ,2014,3.0,2.0,1.0,Dhoni
MS Dhoni ,2018,3.0,2.0,1.0,Dhoni
Mahela Jayawardene ,2012,3.0,2.0,1.0,Jayawardene
Mahipal Lomror ,2023,3.0,2.0,1.0,Lomror
Manish Pandey ,2014,3.0,2.0,1.0,Pandey
Manvinder  Bisla ,2012,3.0,2.0,1.0,Bisla
Michael Lumb ,2010,3.0,2.0,1.0,Lumb
Murali Vijay ,2011,3.0,2.0,1.0,Vijay
Murali Vijay ,2013,3.0,2.0,1.0,Vijay
Nicholas Pooran ,2022,3.0,2.0,1.0,Pooran
Nitish Rana ,2022,3.0,2.0,1.0,Rana
Phil Salt ,2023,3.0,2.0,1.0,Salt
Quinton de Kock ,2018,3.0,2.0,1.0,deKock
Rahul Tripathi ,2017,3.0,2.0,1.0,Tripathi
Ravi Bopara ,2010,3.0,2.0,1.0,Bopara
Ravindra Jadeja ,2021,3.0,2.0,1.0,Jadeja
Rishabh Pant ,2019,3.0,2.0,1.0,Pant
Robin Uthappa ,2022,3.0,2.0,1.0,Uthappa
Rohit Sharma ,2009,3.0,2.0,1.0,Sharma
Rohit Sharma ,2019,3.0,2.0,1.0,Sharma
Ross Taylor ,2009,3.0,2.0,1.0,Taylor
Ruturaj Gaikwad ,2022,3.0,2.0,1.0,Gaikwad
S Badrinath ,2011,3.0,2.0,1.0,Badrinath
Sachin Tendulkar ,2013,3.0,2.0,1.0,Tendulkar
Shakib Al Hasan ,2018,3.0,2.0,1.0,AlHasan
Shaun Marsh ,2011,3.0,2.0,1.0,Marsh
Shikhar Dhawan ,2021,3.0,2.0,1.0,Dhawan
Steven Smith ,2012,3.0,2.0,1.0,Smith
Steven Smith ,2016,3.0,2.0,1.0,Smith
Sunil Narine ,2017,3.0,2.0,1.0,Narine
Suresh Raina ,2015,3.0,2.0,1.0,Raina
Suryakumar Yadav ,2022,3.0,2.0,1.0,Yadav
Tillakaratne Dilshan ,2009,3.0,2.0,1.0,Dilshan
Virender Sehwag ,2011,3.0,2.0,1.0,Sehwag
Yashasvi Jaiswal ,2021,3.0,2.0,1.0,Jaiswal
Aaron Finch,2014,3.0,3.0,0.0,Finch
Adam Gilchrist,2009,3.0,3.0,0.0,Gilchrist
Brendon McCullum,2014,3.0,3.0,0.0,McCullum
KL Rahul,2023,3.0,3.0,0.0,Rahul
Kumar Sangakkara,2010,3.0,3.0,0.0,Sangakkara
Michael Hussey,2011,3.0,3.0,0.0,Hussey
Quinton de Kock,2020,3.0,3.0,0.0,deKock
Quinton de Kock,2021,3.0,3.0,0.0,deKock
Sanju Samson,2020,3.0,3.0,0.0,Samson
Shane Watson,2018,3.0,3.0,0.0,Watson
Sourav Ganguly,2010,3.0,3.0,0.0,Ganguly
Steven Smith,2015,3.0,3.0,0.0,Smith
Suryakumar Yadav,2020,3.0,3.0,0.0,Yadav
Suryakumar Yadav,2023,3.0,3.0,0.0,Yadav
Adam Voges ,2010,3.0,3.0,0.0,Voges
Andre Russell ,2019,3.0,3.0,0.0,Russell
Debabrata Das ,2008,3.0,3.0,0.0,Das
Dinesh Karthik ,2011,3.0,3.0,0.0,Karthik
Jonny Bairstow ,2019,3.0,3.0,0.0,Bairstow
Karun Nair ,2018,3.0,3.0,0.0,Nair
MS Dhoni ,2012,3.0,3.0,0.0,Dhoni
MS Dhoni ,2020,3.0,3.0,0.0,Dhoni
Mayank Agarwal ,2020,3.0,3.0,0.0,Agarwal
Naman Ojha ,2012,3.0,3.0,0.0,Ojha
Nitish Rana ,2019,3.0,3.0,0.0,Rana
Shimron Hetmyer ,2021,3.0,3.0,0.0,Hetmyer
Stuart Binny ,2012,3.0,3.0,0.0,Binny
Suresh Raina ,2009,3.0,3.0,0.0,Raina
Suresh Raina ,2013,3.0,3.0,0.0,Raina
Virender Sehwag ,2013,3.0,3.0,0.0,Sehwag
Abhishek Nayar,2008,2.0,0.0,2.0,Nayar
Adam Gilchrist,2008,2.0,0.0,2.0,Gilchrist
Adam Gilchrist,2013,2.0,0.0,2.0,Gilchrist
Ajinkya Rahane,2009,2.0,0.0,2.0,Rahane
Ajinkya Rahane,2023,2.0,0.0,2.0,Rahane
Ambati Rayudu,2012,2.0,0.0,2.0,Rayudu
Ambati Rayudu,2016,2.0,0.0,2.0,Rayudu
Ambati Rayudu,2021,2.0,0.0,2.0,Rayudu
Andre Russell,2018,2.0,0.0,2.0,Russell
Andre Russell,2021,2.0,0.0,2.0,Russell
Angelo Mathews,2010,2.0,0.0,2.0,Mathews
Ben Rohrer,2013,2.0,0.0,2.0,Rohrer
Brendon McCullum,2009,2.0,0.0,2.0,McCullum
Chris Gayle,2014,2.0,0.0,2.0,Gayle
Chris Gayle,2017,2.0,0.0,2.0,Gayle
Dinesh Karthik,2011,2.0,0.0,2.0,Karthik
Dwayne Bravo,2009,2.0,0.0,2.0,Bravo
Dwayne Smith,2009,2.0,0.0,2.0,Smith
Dwayne Smith,2012,2.0,0.0,2.0,Smith
Faf du Plessis,2014,2.0,0.0,2.0,duPlessis
Faf du Plessis,2016,2.0,0.0,2.0,duPlessis
Graeme Smith,2009,2.0,0.0,2.0,Smith
Ishan Kishan,2021,2.0,0.0,2.0,Kishan
Karun Nair,2018,2.0,0.0,2.0,Nair
Kevin Pietersen,2010,2.0,0.0,2.0,Pietersen
MS Dhoni,2010,2.0,0.0,2.0,Dhoni
MS Dhoni,2018,2.0,0.0,2.0,Dhoni
Manan Vohra,2017,2.0,0.0,2.0,Vohra
Manish Pandey,2023,2.0,0.0,2.0,Pandey
Manoj Tiwary,2012,2.0,0.0,2.0,Tiwary
Manoj Tiwary,2017,2.0,0.0,2.0,Tiwary
Mayank Agarwal,2020,2.0,0.0,2.0,Agarwal
Morne van Wyk,2009,2.0,0.0,2.0,vanWyk
Murali Vijay,2013,2.0,0.0,2.0,Vijay
Naman Ojha,2009,2.0,0.0,2.0,Ojha
Nehal Wadhera,2023,2.0,0.0,2.0,Wadhera
Parthiv Patel,2015,2.0,0.0,2.0,Patel
Rajat Patidar,2022,2.0,0.0,2.0,Patidar
Ravindra Jadeja,2009,2.0,0.0,2.0,Jadeja
Ravindra Jadeja,2012,2.0,0.0,2.0,Jadeja
Riyan Parag,2019,2.0,0.0,2.0,Parag
Robin Uthappa,2018,2.0,0.0,2.0,Uthappa
Ryan McLaren,2011,2.0,0.0,2.0,McLaren
Sanju Samson,2022,2.0,0.0,2.0,Samson
Shahbaz Ahmed,2022,2.0,0.0,2.0,Ahmed
Shane Watson,2010,2.0,0.0,2.0,Watson
Shane Watson,2020,2.0,0.0,2.0,Watson
Yusuf Pathan,2009,2.0,0.0,2.0,Pathan
Yusuf Pathan,2011,2.0,0.0,2.0,Pathan
Yuvraj Singh,2011,2.0,0.0,2.0,Singh
AB de Villiers ,2009,2.0,0.0,2.0,deVilliers
Aaron Finch ,2012,2.0,0.0,2.0,Finch
Abhinav Manohar ,2022,2.0,0.0,2.0,Manohar
Amit Mishra ,2013,2.0,0.0,2.0,Mishra
Angelo Mathews ,2012,2.0,0.0,2.0,Mathews
Azhar Mahmood ,2013,2.0,0.0,2.0,Mahmood
Brendon McCullum ,2009,2.0,0.0,2.0,McCullum
Brendon McCullum ,2014,2.0,0.0,2.0,McCullum
Chris Gayle ,2020,2.0,0.0,2.0,Gayle
Chris Lynn ,2019,2.0,0.0,2.0,Lynn
Colin Ingram ,2019,2.0,0.0,2.0,Ingram
Colin Munro ,2019,2.0,0.0,2.0,Munro
Corey Anderson ,2015,2.0,0.0,2.0,Anderson
David Hussey ,2009,2.0,0.0,2.0,Hussey
David Hussey ,2012,2.0,0.0,2.0,Hussey
Dinesh Karthik ,2008,2.0,0.0,2.0,Karthik
Dinesh Karthik ,2019,2.0,0.0,2.0,Karthik
Dwayne Bravo ,2015,2.0,0.0,2.0,Bravo
Faf du Plessis ,2016,2.0,0.0,2.0,duPlessis
Faiz Fazal ,2010,2.0,0.0,2.0,Fazal
Harbhajan Singh ,2010,2.0,0.0,2.0,Singh
Jason Holder ,2020,2.0,0.0,2.0,Holder
Jean-Paul Duminy ,2010,2.0,0.0,2.0,Duminy
Mahela Jayawardene ,2011,2.0,0.0,2.0,Jayawardene
Mahipal Lomror ,2021,2.0,0.0,2.0,Lomror
Mohammad Nabi ,2019,2.0,0.0,2.0,Nabi
Owais Shah ,2010,2.0,0.0,2.0,Shah
Owais Shah ,2012,2.0,0.0,2.0,Shah
Parthiv Patel ,2018,2.0,0.0,2.0,Patel
Rahul Tripathi ,2023,2.0,0.0,2.0,Tripathi
Ravindra Jadeja ,2011,2.0,0.0,2.0,Jadeja
Robin Uthappa ,2021,2.0,0.0,2.0,Uthappa
Sachin Tendulkar ,2008,2.0,0.0,2.0,Tendulkar
Sanju Samson ,2015,2.0,0.0,2.0,Samson
Shane Warne ,2009,2.0,0.0,2.0,Warne
Shane Watson ,2008,2.0,0.0,2.0,Watson
Shane Watson ,2020,2.0,0.0,2.0,Watson
Shubman Gill ,2020,2.0,0.0,2.0,Gill
Srikar Bharat ,2021,2.0,0.0,2.0,Bharat
Steven Smith ,2017,2.0,0.0,2.0,Smith
Suryakumar Yadav ,2021,2.0,0.0,2.0,Yadav
VVS Laxman ,2008,2.0,0.0,2.0,Laxman
Venugopal Rao ,2008,2.0,0.0,2.0,Rao
Vijay Shankar ,2019,2.0,0.0,2.0,Shankar
Vijay Shankar ,2020,2.0,0.0,2.0,Shankar
Wriddhiman Saha ,2008,2.0,0.0,2.0,Saha
Wriddhiman Saha ,2016,2.0,0.0,2.0,Saha
Yogesh Nagar ,2011,2.0,0.0,2.0,Nagar
Yuvraj Singh ,2009,2.0,0.0,2.0,Singh
Yuvraj Singh ,2016,2.0,0.0,2.0,Singh
Albie Morkel,2008,2.0,1.0,1.0,Morkel
Albie Morkel,2010,2.0,1.0,1.0,Morkel
Ambati Rayudu,2019,2.0,1.0,1.0,Rayudu
Ambati Rayudu,2020,2.0,1.0,1.0,Rayudu
Andre Russell,2023,2.0,1.0,1.0,Russell
Atharva Taide,2023,2.0,1.0,1.0,Taide
Axar Patel,2015,2.0,1.0,1.0,Patel
Ben Stokes,2019,2.0,1.0,1.0,Stokes
Biplab Samantray,2013,2.0,1.0,1.0,Samantray
Bipul Sharma,2012,2.0,1.0,1.0,Sharma
Brad Hodge,2011,2.0,1.0,1.0,Hodge
Brendon McCullum,2010,2.0,1.0,1.0,McCullum
Cameron White,2012,2.0,1.0,1.0,White
Chidhambaram Gautam,2013,2.0,1.0,1.0,Gautam
Chris Morris,2016,2.0,1.0,1.0,Morris
Corey Anderson,2017,2.0,1.0,1.0,Anderson
David Hussey,2013,2.0,1.0,1.0,Hussey
David Miller,2014,2.0,1.0,1.0,Miller
David Miller,2019,2.0,1.0,1.0,Miller
David Warner,2012,2.0,1.0,1.0,Warner
Devon Conway,2022,2.0,1.0,1.0,Conway
Dewald Brevis,2022,2.0,1.0,1.0,Brevis
Dinesh Karthik,2016,2.0,1.0,1.0,Karthik
Eoin Morgan,2015,2.0,1.0,1.0,Morgan
Eoin Morgan,2021,2.0,1.0,1.0,Morgan
George Bailey,2015,2.0,1.0,1.0,Bailey
George Bailey,2016,2.0,1.0,1.0,Bailey
Glenn Maxwell,2016,2.0,1.0,1.0,Maxwell
Glenn Maxwell,2022,2.0,1.0,1.0,Maxwell
Hardik Pandya,2023,2.0,1.0,1.0,Pandya
Heinrich Klaasen,2023,2.0,1.0,1.0,Klaasen
Irfan Pathan,2010,2.0,1.0,1.0,Pathan
Irfan Pathan,2012,2.0,1.0,1.0,Pathan
James Hopes,2011,2.0,1.0,1.0,Hopes
Jason Holder,2021,2.0,1.0,1.0,Holder
Jason Roy,2021,2.0,1.0,1.0,Roy
Jean-Paul Duminy,2015,2.0,1.0,1.0,Duminy
Jos Buttler,2021,2.0,1.0,1.0,Buttler
Kane Williamson,2021,2.0,1.0,1.0,Williamson
Kedar Jadhav,2017,2.0,1.0,1.0,Jadhav
Kevin Pietersen,2012,2.0,1.0,1.0,Pietersen
Kieron Pollard,2014,2.0,1.0,1.0,Pollard
Kieron Pollard,2015,2.0,1.0,1.0,Pollard
Kumar Sangakkara,2008,2.0,1.0,1.0,Sangakkara
Laxmi Shukla,2008,2.0,1.0,1.0,Shukla
Lee Carseldine,2009,2.0,1.0,1.0,Carseldine
Lendl Simmons,2017,2.0,1.0,1.0,Simmons
Liam Livingstone,2023,2.0,1.0,1.0,Livingstone
MS Dhoni,2011,2.0,1.0,1.0,Dhoni
Mandeep Singh,2015,2.0,1.0,1.0,Singh
Manish Pandey,2009,2.0,1.0,1.0,Pandey
Manish Pandey,2018,2.0,1.0,1.0,Pandey
Manoj Tiwary,2010,2.0,1.0,1.0,Tiwary
Manoj Tiwary,2011,2.0,1.0,1.0,Tiwary
Manvinder  Bisla,2013,2.0,1.0,1.0,Bisla
Mayank Agarwal,2021,2.0,1.0,1.0,Agarwal
Misbah-ul-Haq,2008,2.0,1.0,1.0,Misbah-ul-Haq
Moeen Ali,2021,2.0,1.0,1.0,Ali
Moeen Ali,2022,2.0,1.0,1.0,Ali
Murali Vijay,2014,2.0,1.0,1.0,Vijay
Murali Vijay,2015,2.0,1.0,1.0,Vijay
Naman Ojha,2014,2.0,1.0,1.0,Ojha
Nicholas Pooran,2022,2.0,1.0,1.0,Pooran
Niraj Patel,2008,2.0,1.0,1.0,Patel
Parthiv Patel,2016,2.0,1.0,1.0,Patel
Pat Cummins,2020,2.0,1.0,1.0,Cummins
Paul Collingwood,2010,2.0,1.0,1.0,Collingwood
Rahul Dravid,2011,2.0,1.0,1.0,Dravid
Rahul Tewatia,2020,2.0,1.0,1.0,Tewatia
Ravi Bopara,2010,2.0,1.0,1.0,Bopara
Rishabh Pant,2016,2.0,1.0,1.0,Pant
Rishabh Pant,2021,2.0,1.0,1.0,Pant
Rohit Sharma,2018,2.0,1.0,1.0,Sharma
Rohit Sharma,2022,2.0,1.0,1.0,Sharma
Ruturaj Gaikwad,2023,2.0,1.0,1.0,Gaikwad
S Badrinath,2008,2.0,1.0,1.0,Badrinath
S Badrinath,2013,2.0,1.0,1.0,Badrinath
Sanju Samson,2013,2.0,1.0,1.0,Samson
Sanju Samson,2014,2.0,1.0,1.0,Samson
Shane Watson,2011,2.0,1.0,1.0,Watson
Shane Watson,2014,2.0,1.0,1.0,Watson
Shane Watson,2015,2.0,1.0,1.0,Watson
Shaun Marsh,2010,2.0,1.0,1.0,Marsh
Shaun Marsh,2016,2.0,1.0,1.0,Marsh
Shikhar Dhawan,2014,2.0,1.0,1.0,Dhawan
Shikhar Dhawan,2017,2.0,1.0,1.0,Dhawan
Shivam Dube,2021,2.0,1.0,1.0,Dube
Shubman Gill,2019,2.0,1.0,1.0,Gill
Steven Smith,2013,2.0,1.0,1.0,Smith
Steven Smith,2016,2.0,1.0,1.0,Smith
Sunil Narine,2017,2.0,1.0,1.0,Narine
Sunil Narine,2018,2.0,1.0,1.0,Narine
Suresh Raina,2015,2.0,1.0,1.0,Raina
Suresh Raina,2019,2.0,1.0,1.0,Raina
Suryakumar Yadav,2021,2.0,1.0,1.0,Yadav
Swapnil Asnodkar,2008,2.0,1.0,1.0,Asnodkar
Swapnil Asnodkar,2009,2.0,1.0,1.0,Asnodkar
Thisara Perera,2013,2.0,1.0,1.0,Perera
Tirumalasetti Suman,2010,2.0,1.0,1.0,Suman
Unmukt Chand,2013,2.0,1.0,1.0,Chand
Venkatesh Iyer,2021,2.0,1.0,1.0,Iyer
Venugopal Rao,2011,2.0,1.0,1.0,Rao
Vijay Shankar,2023,2.0,1.0,1.0,Shankar
Virat Kohli,2009,2.0,1.0,1.0,Kohli
Virat Kohli,2012,2.0,1.0,1.0,Kohli
Virat Kohli,2022,2.0,1.0,1.0,Kohli
Wriddhiman Saha,2020,2.0,1.0,1.0,Saha
Yogesh Takawale,2014,2.0,1.0,1.0,Takawale
Aaron Finch ,2016,2.0,1.0,1.0,Finch
Abhishek Raut ,2009,2.0,1.0,1.0,Raut
Adam Gilchrist ,2010,2.0,1.0,1.0,Gilchrist
Ajinkya Rahane ,2013,2.0,1.0,1.0,Rahane
Ajit Agarkar ,2009,2.0,1.0,1.0,Agarkar
Albie Morkel ,2010,2.0,1.0,1.0,Morkel
Ambati Rayudu ,2016,2.0,1.0,1.0,Rayudu
Ambati Rayudu ,2018,2.0,1.0,1.0,Rayudu
Ambati Rayudu ,2021,2.0,1.0,1.0,Rayudu
Ambati Rayudu ,2022,2.0,1.0,1.0,Rayudu
Andrew Symonds ,2011,2.0,1.0,1.0,Symonds
Ashok Menaria ,2011,2.0,1.0,1.0,Menaria
Atharva Taide ,2023,2.0,1.0,1.0,Taide
Axar Patel ,2015,2.0,1.0,1.0,Patel
Bipul Sharma ,2016,2.0,1.0,1.0,Sharma
Brad Hodge ,2009,2.0,1.0,1.0,Hodge
Brad Hodge ,2014,2.0,1.0,1.0,Hodge
Cheteshwar Pujara ,2011,2.0,1.0,1.0,Pujara
Chris Gayle ,2009,2.0,1.0,1.0,Gayle
Chris Gayle ,2014,2.0,1.0,1.0,Gayle
Chris Gayle ,2015,2.0,1.0,1.0,Gayle
Chris Gayle ,2017,2.0,1.0,1.0,Gayle
Chris Morris ,2016,2.0,1.0,1.0,Morris
David Hussey ,2010,2.0,1.0,1.0,Hussey
David Miller ,2012,2.0,1.0,1.0,Miller
David Miller ,2013,2.0,1.0,1.0,Miller
David Warner ,2011,2.0,1.0,1.0,Warner
Dinesh Karthik ,2010,2.0,1.0,1.0,Karthik
Dinesh Karthik ,2013,2.0,1.0,1.0,Karthik
Dishant Yagnik ,2013,2.0,1.0,1.0,Yagnik
Eoin Morgan ,2017,2.0,1.0,1.0,Morgan
Faf du Plessis ,2012,2.0,1.0,1.0,duPlessis
Faf du Plessis ,2014,2.0,1.0,1.0,duPlessis
Faf du Plessis ,2019,2.0,1.0,1.0,duPlessis
Faf du Plessis ,2020,2.0,1.0,1.0,duPlessis
Gautam Gambhir ,2010,2.0,1.0,1.0,Gambhir
Gautam Gambhir ,2015,2.0,1.0,1.0,Gambhir
Glenn Maxwell ,2022,2.0,1.0,1.0,Maxwell
Gurkeerat Singh Mann ,2013,2.0,1.0,1.0,SinghMann
Hardik Pandya ,2021,2.0,1.0,1.0,Pandya
Harshal Patel ,2021,2.0,1.0,1.0,Patel
Herschelle Gibbs ,2010,2.0,1.0,1.0,Gibbs
Iqbal Abdulla ,2016,2.0,1.0,1.0,Abdulla
Irfan Pathan ,2014,2.0,1.0,1.0,Pathan
Ishan Kishan ,2023,2.0,1.0,1.0,Kishan
Jean-Paul Duminy ,2014,2.0,1.0,1.0,Duminy
Jitesh Sharma ,2023,2.0,1.0,1.0,Sharma
KL Rahul ,2014,2.0,1.0,1.0,Rahul
KL Rahul ,2021,2.0,1.0,1.0,Rahul
Kane Williamson ,2016,2.0,1.0,1.0,Williamson
Kane Williamson ,2021,2.0,1.0,1.0,Williamson
Kane Williamson ,2022,2.0,1.0,1.0,Williamson
Karun Nair ,2016,2.0,1.0,1.0,Nair
Kedar Jadhav ,2017,2.0,1.0,1.0,Jadhav
Kumar Sangakkara ,2011,2.0,1.0,1.0,Sangakkara
Lalit Yadav ,2022,2.0,1.0,1.0,Yadav
MS Dhoni ,2017,2.0,1.0,1.0,Dhoni
Mahela Jayawardene ,2008,2.0,1.0,1.0,Jayawardene
Mandeep Singh ,2017,2.0,1.0,1.0,Singh
Manish Pandey ,2010,2.0,1.0,1.0,Pandey
Manish Pandey ,2017,2.0,1.0,1.0,Pandey
Manish Pandey ,2019,2.0,1.0,1.0,Pandey
Manish Pandey ,2020,2.0,1.0,1.0,Pandey
Manish Pandey ,2022,2.0,1.0,1.0,Pandey
Manish Pandey ,2023,2.0,1.0,1.0,Pandey
Manoj Tiwary ,2012,2.0,1.0,1.0,Tiwary
Manoj Tiwary ,2017,2.0,1.0,1.0,Tiwary
Marcus Stoinis ,2018,2.0,1.0,1.0,Stoinis
Marcus Stoinis ,2020,2.0,1.0,1.0,Stoinis
Marcus Stoinis ,2022,2.0,1.0,1.0,Stoinis
Michael Hussey ,2014,2.0,1.0,1.0,Hussey
Mitchell Starc ,2014,2.0,1.0,1.0,Starc
Mithun Manhas ,2009,2.0,1.0,1.0,Manhas
Moeen Ali ,2021,2.0,1.0,1.0,Ali
Moises Henriques ,2015,2.0,1.0,1.0,Henriques
Murali Vijay ,2015,2.0,1.0,1.0,Vijay
Murali Vijay ,2016,2.0,1.0,1.0,Vijay
Nehal Wadhera ,2023,2.0,1.0,1.0,Wadhera
Nicholas Pooran ,2020,2.0,1.0,1.0,Pooran
Nitish Rana ,2021,2.0,1.0,1.0,Rana
Paras Dogra ,2010,2.0,1.0,1.0,Dogra
Parthiv Patel ,2011,2.0,1.0,1.0,Patel
Pawan Negi ,2017,2.0,1.0,1.0,Negi
Pinal Shah ,2009,2.0,1.0,1.0,Shah
Praveen Kumar ,2008,2.0,1.0,1.0,Kumar
Prithvi Shaw ,2020,2.0,1.0,1.0,Shaw
Quinton de Kock ,2016,2.0,1.0,1.0,deKock
Ravichandran Ashwin ,2018,2.0,1.0,1.0,Ashwin
Rilee Rossouw ,2023,2.0,1.0,1.0,Rossouw
Riyan Parag ,2021,2.0,1.0,1.0,Parag
Robin Uthappa ,2015,2.0,1.0,1.0,Uthappa
Robin Uthappa ,2020,2.0,1.0,1.0,Uthappa
Rohit Sharma ,2011,2.0,1.0,1.0,Sharma
Rohit Sharma ,2014,2.0,1.0,1.0,Sharma
Ruturaj Gaikwad ,2021,2.0,1.0,1.0,Gaikwad
Sachin Tendulkar ,2012,2.0,1.0,1.0,Tendulkar
Sai Sudharsan ,2022,2.0,1.0,1.0,Sudharsan
Sam Billings ,2022,2.0,1.0,1.0,Billings
Sanath Jayasuriya ,2008,2.0,1.0,1.0,Jayasuriya
Sanju Samson ,2020,2.0,1.0,1.0,Samson
Sanju Samson ,2023,2.0,1.0,1.0,Samson
Sarfaraz Khan ,2019,2.0,1.0,1.0,Khan
Shahbaz Ahmed ,2022,2.0,1.0,1.0,Ahmed
Shane Watson ,2012,2.0,1.0,1.0,Watson
Shane Watson ,2014,2.0,1.0,1.0,Watson
Shaun Marsh ,2012,2.0,1.0,1.0,Marsh
Shaun Pollock ,2008,2.0,1.0,1.0,Pollock
Shikhar Dhawan ,2017,2.0,1.0,1.0,Dhawan
Shikhar Dhawan ,2022,2.0,1.0,1.0,Dhawan
Shreyas Iyer ,2017,2.0,1.0,1.0,Iyer
Shubman Gill ,2018,2.0,1.0,1.0,Gill
Shubman Gill ,2023,2.0,1.0,1.0,Gill
Sikandar Raza ,2023,2.0,1.0,1.0,Raza
Simon Katich ,2009,2.0,1.0,1.0,Katich
Sourav Ganguly ,2012,2.0,1.0,1.0,Ganguly
Steven Smith ,2015,2.0,1.0,1.0,Smith
Steven Smith ,2020,2.0,1.0,1.0,Smith
Sunny Sohal ,2009,2.0,1.0,1.0,Sohal
Suresh Raina ,2010,2.0,1.0,1.0,Raina
Thisara Perera ,2011,2.0,1.0,1.0,Perera
Tillakaratne Dilshan ,2012,2.0,1.0,1.0,Dilshan
Tim David ,2022,2.0,1.0,1.0,David
Venkatesh Iyer ,2023,2.0,1.0,1.0,Iyer
Vijay Shankar ,2017,2.0,1.0,1.0,Shankar
Vijay Shankar ,2018,2.0,1.0,1.0,Shankar
Virat Kohli ,2017,2.0,1.0,1.0,Kohli
Virat Kohli ,2018,2.0,1.0,1.0,Kohli
Virat Kohli ,2022,2.0,1.0,1.0,Kohli
Wriddhiman Saha ,2017,2.0,1.0,1.0,Saha
Wriddhiman Saha ,2021,2.0,1.0,1.0,Saha
Yashasvi Jaiswal ,2023,2.0,1.0,1.0,Jaiswal
Yogesh Nagar ,2012,2.0,1.0,1.0,Nagar
Yusuf Pathan ,2013,2.0,1.0,1.0,Pathan
Yusuf Pathan ,2016,2.0,1.0,1.0,Pathan
Yuvraj Singh ,2010,2.0,1.0,1.0,Singh
Yuvraj Singh ,2015,2.0,1.0,1.0,Singh
AB de Villiers,2014,2.0,2.0,0.0,deVilliers
Abhishek Jhunjhunwala,2010,2.0,2.0,0.0,Jhunjhunwala
Adam Gilchrist,2012,2.0,2.0,0.0,Gilchrist
Ajinkya Rahane,2018,2.0,2.0,0.0,Rahane
Brendon McCullum,2017,2.0,2.0,0.0,McCullum
David Miller,2022,2.0,2.0,0.0,Miller
David Warner,2010,2.0,2.0,0.0,Warner
Eoin Morgan,2020,2.0,2.0,0.0,Morgan
Evin Lewis,2021,2.0,2.0,0.0,Lewis
Glenn Maxwell,2017,2.0,2.0,0.0,Maxwell
Hanuma Vihari,2013,2.0,2.0,0.0,Vihari
Harbhajan Singh,2016,2.0,2.0,0.0,Singh
Jacques Kallis,2012,2.0,2.0,0.0,Kallis
Jesse Ryder,2012,2.0,2.0,0.0,Ryder
Karun Nair,2017,2.0,2.0,0.0,Nair
Kedar Jadhav,2015,2.0,2.0,0.0,Jadhav
Krunal Pandya,2017,2.0,2.0,0.0,Pandya
MS Dhoni,2022,2.0,2.0,0.0,Dhoni
Mahela Jayawardene,2011,2.0,2.0,0.0,Jayawardene
Matthew Hayden,2008,2.0,2.0,0.0,Hayden
Mayank Agarwal,2012,2.0,2.0,0.0,Agarwal
Mayank Agarwal,2023,2.0,2.0,0.0,Agarwal
Nitish Rana,2019,2.0,2.0,0.0,Rana
Parthiv Patel,2009,2.0,2.0,0.0,Patel
Prithvi Shaw,2019,2.0,2.0,0.0,Shaw
Rahul Tewatia,2022,2.0,2.0,0.0,Tewatia
Ravindra Jadeja,2020,2.0,2.0,0.0,Jadeja
Robin Uthappa,2008,2.0,2.0,0.0,Uthappa
Ross Taylor,2008,2.0,2.0,0.0,Taylor
Ross Taylor,2009,2.0,2.0,0.0,Taylor
S Badrinath,2009,2.0,2.0,0.0,Badrinath
S Badrinath,2010,2.0,2.0,0.0,Badrinath
Salman Butt,2008,2.0,2.0,0.0,Butt
Shreyas Iyer,2018,2.0,2.0,0.0,Iyer
Steven Smith,2019,2.0,2.0,0.0,Smith
Suresh Raina,2009,2.0,2.0,0.0,Raina
Suresh Raina,2016,2.0,2.0,0.0,Raina
Suryakumar Yadav,2019,2.0,2.0,0.0,Yadav
Tillakaratne Dilshan,2011,2.0,2.0,0.0,Dilshan
Venugopal Rao,2008,2.0,2.0,0.0,Rao
Virender Sehwag,2009,2.0,2.0,0.0,Sehwag
Wriddhiman Saha,2015,2.0,2.0,0.0,Saha
AB de Villiers ,2011,2.0,2.0,0.0,deVilliers
Aaron Finch ,2020,2.0,2.0,0.0,Finch
Abhishek Nayar ,2008,2.0,2.0,0.0,Nayar
Adam Gilchrist ,2013,2.0,2.0,0.0,Gilchrist
Akshath Reddy ,2013,2.0,2.0,0.0,Reddy
Andre Russell ,2018,2.0,2.0,0.0,Russell
Angelo Mathews ,2013,2.0,2.0,0.0,Mathews
Anustup Majumdar ,2012,2.0,2.0,0.0,Majumdar
Axar Patel ,2019,2.0,2.0,0.0,Patel
Axar Patel ,2022,2.0,2.0,0.0,Patel
Colin de Grandhomme ,2017,2.0,2.0,0.0,deGrandhomme
Corey Anderson ,2017,2.0,2.0,0.0,Anderson
Daren Sammy ,2013,2.0,2.0,0.0,Sammy
David Miller ,2021,2.0,2.0,0.0,Miller
David Warner ,2015,2.0,2.0,0.0,Warner
Devdutt Padikkal ,2021,2.0,2.0,0.0,Padikkal
Dewald Brevis ,2022,2.0,2.0,0.0,Brevis
Dwayne Smith ,2013,2.0,2.0,0.0,Smith
Dwayne Smith ,2014,2.0,2.0,0.0,Smith
Faf du Plessis ,2015,2.0,2.0,0.0,duPlessis
Gautam Gambhir ,2009,2.0,2.0,0.0,Gambhir
George Bailey ,2015,2.0,2.0,0.0,Bailey
Harshal Patel ,2018,2.0,2.0,0.0,Patel
Jacques Kallis ,2009,2.0,2.0,0.0,Kallis
James Hopes ,2011,2.0,2.0,0.0,Hopes
Jonny Bairstow ,2020,2.0,2.0,0.0,Bairstow
Jos Buttler ,2019,2.0,2.0,0.0,Buttler
Krunal Pandya ,2019,2.0,2.0,0.0,Pandya
MS Dhoni ,2016,2.0,2.0,0.0,Dhoni
Manan Vohra ,2016,2.0,2.0,0.0,Vohra
Manoj Tiwary ,2013,2.0,2.0,0.0,Tiwary
Marcus Stoinis ,2016,2.0,2.0,0.0,Stoinis
Mark Boucher ,2009,2.0,2.0,0.0,Boucher
Matthew Hayden ,2009,2.0,2.0,0.0,Hayden
Mayank Agarwal ,2015,2.0,2.0,0.0,Agarwal
Nicholas Pooran ,2019,2.0,2.0,0.0,Pooran
Ravichandran Ashwin ,2022,2.0,2.0,0.0,Ashwin
Ravindra Jadeja ,2008,2.0,2.0,0.0,Jadeja
Rinku Singh ,2022,2.0,2.0,0.0,Singh
Rishabh Pant ,2017,2.0,2.0,0.0,Pant
Robin Uthappa ,2011,2.0,2.0,0.0,Uthappa
Robin Uthappa ,2013,2.0,2.0,0.0,Uthappa
Roelof van der Merwe ,2009,2.0,2.0,0.0,vanderMerwe
Rohit Sharma ,2012,2.0,2.0,0.0,Sharma
Rohit Sharma ,2020,2.0,2.0,0.0,Sharma
Rovman Powell ,2022,2.0,2.0,0.0,Powell
Sai Sudharsan ,2023,2.0,2.0,0.0,Sudharsan
Shakib Al Hasan ,2014,2.0,2.0,0.0,AlHasan
Shreyas Iyer ,2015,2.0,2.0,0.0,Iyer
Steven Smith ,2019,2.0,2.0,0.0,Smith
Sunil Narine ,2020,2.0,2.0,0.0,Narine
Swapnil Asnodkar ,2008,2.0,2.0,0.0,Asnodkar
Tillakaratne Dilshan ,2013,2.0,2.0,0.0,Dilshan
Tim David ,2023,2.0,2.0,0.0,David
Unmukt Chand ,2013,2.0,2.0,0.0,Chand
Virat Kohli ,2008,2.0,2.0,0.0,Kohli
Virat Kohli ,2009,2.0,2.0,0.0,Kohli
Virender Sehwag ,2010,2.0,2.0,0.0,Sehwag
Yuvraj Singh ,2008,2.0,2.0,0.0,Singh
AB de Villiers,2013,1.0,0.0,1.0,deVilliers
AB de Villiers,2021,1.0,0.0,1.0,deVilliers
Aaron Finch,2017,1.0,0.0,1.0,Finch
Abdul Samad,2021,1.0,0.0,1.0,Samad
Adam Voges,2010,1.0,0.0,1.0,Voges
Ajinkya Rahane,2022,1.0,0.0,1.0,Rahane
Ajit Agarkar,2008,1.0,0.0,1.0,Agarkar
Albie Morkel,2015,1.0,0.0,1.0,Morkel
Aman Hakim Khan,2023,1.0,0.0,1.0,HakimKhan
Ambati Rayudu,2013,1.0,0.0,1.0,Rayudu
Ambati Rayudu,2017,1.0,0.0,1.0,Rayudu
Amit Mishra,2008,1.0,0.0,1.0,Mishra
Andrew McDonald,2010,1.0,0.0,1.0,McDonald
Andrew Symonds,2011,1.0,0.0,1.0,Symonds
Angelo Mathews,2012,1.0,0.0,1.0,Mathews
Ben Stokes,2018,1.0,0.0,1.0,Stokes
Bharat Chipli,2011,1.0,0.0,1.0,Chipli
Brad Hodge,2010,1.0,0.0,1.0,Hodge
Brendon McCullum,2008,1.0,0.0,1.0,McCullum
Brendon McCullum,2012,1.0,0.0,1.0,McCullum
Cameron White,2013,1.0,0.0,1.0,White
Chris Gayle,2009,1.0,0.0,1.0,Gayle
Chris Lynn,2014,1.0,0.0,1.0,Lynn
Chris Morris,2017,1.0,0.0,1.0,Morris
Colin de Grandhomme,2019,1.0,0.0,1.0,deGrandhomme
Daren Sammy,2013,1.0,0.0,1.0,Sammy
Daren Sammy,2014,1.0,0.0,1.0,Sammy
Deepak Hooda,2015,1.0,0.0,1.0,Hooda
Deepak Hooda,2020,1.0,0.0,1.0,Hooda
Devdutt Padikkal,2023,1.0,0.0,1.0,Padikkal
Dinesh Karthik,2020,1.0,0.0,1.0,Karthik
Dinesh Karthik,2022,1.0,0.0,1.0,Karthik
Dwayne Bravo,2015,1.0,0.0,1.0,Bravo
Dwayne Bravo,2018,1.0,0.0,1.0,Bravo
Dwayne Smith,2016,1.0,0.0,1.0,Smith
Dwayne Smith,2017,1.0,0.0,1.0,Smith
Eoin Morgan,2011,1.0,0.0,1.0,Morgan
Eoin Morgan,2013,1.0,0.0,1.0,Morgan
Faf du Plessis,2018,1.0,0.0,1.0,duPlessis
Farveez Maharoof,2008,1.0,0.0,1.0,Maharoof
Gautam Gambhir,2018,1.0,0.0,1.0,Gambhir
Glenn Maxwell,2015,1.0,0.0,1.0,Maxwell
Glenn Maxwell,2018,1.0,0.0,1.0,Maxwell
Hardik Pandya,2018,1.0,0.0,1.0,Pandya
Hardik Pandya,2019,1.0,0.0,1.0,Pandya
Hardik Pandya,2020,1.0,0.0,1.0,Pandya
Harry Brook,2023,1.0,0.0,1.0,Brook
Herschelle Gibbs,2010,1.0,0.0,1.0,Gibbs
Irfan Pathan,2011,1.0,0.0,1.0,Pathan
Ishan Kishan,2018,1.0,0.0,1.0,Kishan
Jacques Kallis,2008,1.0,0.0,1.0,Kallis
Jacques Kallis,2014,1.0,0.0,1.0,Kallis
James Faulkner,2014,1.0,0.0,1.0,Faulkner
James Faulkner,2015,1.0,0.0,1.0,Faulkner
James Franklin,2011,1.0,0.0,1.0,Franklin
James Neesham,2014,1.0,0.0,1.0,Neesham
Jason Roy,2018,1.0,0.0,1.0,Roy
Jean-Paul Duminy,2010,1.0,0.0,1.0,Duminy
Jean-Paul Duminy,2011,1.0,0.0,1.0,Duminy
Jesse Ryder,2011,1.0,0.0,1.0,Ryder
Johan Botha,2009,1.0,0.0,1.0,Botha
KL Rahul,2014,1.0,0.0,1.0,Rahul
Kane Williamson,2019,1.0,0.0,1.0,Williamson
Karan Goel,2009,1.0,0.0,1.0,Goel
Kedar Jadhav,2010,1.0,0.0,1.0,Jadhav
Kedar Jadhav,2019,1.0,0.0,1.0,Jadhav
Kevin Pietersen,2014,1.0,0.0,1.0,Pietersen
Kevon Cooper,2013,1.0,0.0,1.0,Cooper
Kieron Pollard,2011,1.0,0.0,1.0,Pollard
Kieron Pollard,2017,1.0,0.0,1.0,Pollard
Kieron Pollard,2020,1.0,0.0,1.0,Pollard
Krunal Pandya,2019,1.0,0.0,1.0,Pandya
Kumar Sangakkara,2013,1.0,0.0,1.0,Sangakkara
Liam Livingstone,2022,1.0,0.0,1.0,Livingstone
Luke Pomersbach,2009,1.0,0.0,1.0,Pomersbach
MS Dhoni,2008,1.0,0.0,1.0,Dhoni
Mahela Jayawardene,2008,1.0,0.0,1.0,Jayawardene
Mahela Jayawardene,2013,1.0,0.0,1.0,Jayawardene
Mahipal Lomror,2020,1.0,0.0,1.0,Lomror
Manan Vohra,2014,1.0,0.0,1.0,Vohra
Manan Vohra,2016,1.0,0.0,1.0,Vohra
Mandeep Singh,2020,1.0,0.0,1.0,Singh
Manish Pandey,2014,1.0,0.0,1.0,Pandey
Manoj Tiwary,2008,1.0,0.0,1.0,Tiwary
Manoj Tiwary,2014,1.0,0.0,1.0,Tiwary
Manvinder  Bisla,2012,1.0,0.0,1.0,Bisla
Marcus Stoinis,2023,1.0,0.0,1.0,Stoinis
Martin Guptill,2019,1.0,0.0,1.0,Guptill
Mayank Agarwal,2015,1.0,0.0,1.0,Agarwal
Michael Hussey,2008,1.0,0.0,1.0,Hussey
Michael Hussey,2012,1.0,0.0,1.0,Hussey
Michael Klinger,2011,1.0,0.0,1.0,Klinger
Mitchell Marsh,2013,1.0,0.0,1.0,Marsh
Moises Henriques,2017,1.0,0.0,1.0,Henriques
Naman Ojha,2012,1.0,0.0,1.0,Ojha
Nicholas Pooran,2019,1.0,0.0,1.0,Pooran
Nitin Saini,2012,1.0,0.0,1.0,Saini
Nitish Rana,2016,1.0,0.0,1.0,Rana
Parthiv Patel,2011,1.0,0.0,1.0,Patel
Parthiv Patel,2018,1.0,0.0,1.0,Patel
Prerak Mankad,2023,1.0,0.0,1.0,Mankad
Prithvi Shaw,2018,1.0,0.0,1.0,Shaw
Prithvi Shaw,2020,1.0,0.0,1.0,Shaw
Prithvi Shaw,2022,1.0,0.0,1.0,Shaw
Priyam Garg,2020,1.0,0.0,1.0,Garg
Quinton de Kock,2015,1.0,0.0,1.0,deKock
Quinton de Kock,2023,1.0,0.0,1.0,deKock
Rahul Tewatia,2021,1.0,0.0,1.0,Tewatia
Rahul Tripathi,2019,1.0,0.0,1.0,Tripathi
Rajat Bhatia,2013,1.0,0.0,1.0,Bhatia
Ramesh Powar,2008,1.0,0.0,1.0,Powar
Rashid Khan,2023,1.0,0.0,1.0,Khan
Ravi Bopara,2009,1.0,0.0,1.0,Bopara
Ravindra Jadeja,2008,1.0,0.0,1.0,Jadeja
Richard Levi,2012,1.0,0.0,1.0,Levi
Rilee Rossouw,2023,1.0,0.0,1.0,Rossouw
Rinku Singh,2023,1.0,0.0,1.0,Singh
Rishabh Pant,2020,1.0,0.0,1.0,Pant
Riyan Parag,2022,1.0,0.0,1.0,Parag
Rob Quiney,2009,1.0,0.0,1.0,Quiney
Robin Uthappa,2022,1.0,0.0,1.0,Uthappa
Rohit Sharma,2015,1.0,0.0,1.0,Sharma
Rohit Sharma,2023,1.0,0.0,1.0,Sharma
Ross Taylor,2010,1.0,0.0,1.0,Taylor
Rovman Powell,2022,1.0,0.0,1.0,Powell
Ryan ten Doeschate,2011,1.0,0.0,1.0,tenDoeschate
Sai Sudharsan,2023,1.0,0.0,1.0,Sudharsan
Sanath Jayasuriya,2009,1.0,0.0,1.0,Jayasuriya
Sanju Samson,2015,1.0,0.0,1.0,Samson
Sarfaraz Khan,2019,1.0,0.0,1.0,Khan
Saurabh Tiwary,2011,1.0,0.0,1.0,Tiwary
Saurabh Tiwary,2013,1.0,0.0,1.0,Tiwary
Shakib Al Hasan,2012,1.0,0.0,1.0,AlHasan
Shaun Marsh,2015,1.0,0.0,1.0,Marsh
Shikhar Dhawan,2012,1.0,0.0,1.0,Dhawan
Shikhar Dhawan,2015,1.0,0.0,1.0,Dhawan
Shikhar Dhawan,2022,1.0,0.0,1.0,Dhawan
Shimron Hetmyer,2020,1.0,0.0,1.0,Hetmyer
Sikandar Raza,2023,1.0,0.0,1.0,Raza
Sourav Ganguly,2012,1.0,0.0,1.0,Ganguly
Steven Smith,2021,1.0,0.0,1.0,Smith
Suresh Raina,2017,1.0,0.0,1.0,Raina
Suryakumar Yadav,2016,1.0,0.0,1.0,Yadav
Suryakumar Yadav,2017,1.0,0.0,1.0,Yadav
Tilak Varma,2023,1.0,0.0,1.0,Varma
Tirumalasetti Suman,2011,1.0,0.0,1.0,Suman
Travis Head,2016,1.0,0.0,1.0,Head
Venkatesh Iyer,2022,1.0,0.0,1.0,Iyer
Vinay Kumar,2013,1.0,0.0,1.0,Kumar
Washington Sundar,2020,1.0,0.0,1.0,Sundar
Wriddhiman Saha,2017,1.0,0.0,1.0,Saha
Wriddhiman Saha,2018,1.0,0.0,1.0,Saha
Wriddhiman Saha,2023,1.0,0.0,1.0,Saha
Yashasvi Jaiswal,2021,1.0,0.0,1.0,Jaiswal
Yogesh Nagar,2012,1.0,0.0,1.0,Nagar
Yusuf Pathan,2012,1.0,0.0,1.0,Pathan
Yuvraj Singh,2008,1.0,0.0,1.0,Singh
Yuvraj Singh,2010,1.0,0.0,1.0,Singh
Yuvraj Singh,2015,1.0,0.0,1.0,Singh
Yuvraj Singh,2016,1.0,0.0,1.0,Singh
AB de Villiers ,2010,1.0,0.0,1.0,deVilliers
AB de Villiers ,2017,1.0,0.0,1.0,deVilliers
Aakash Chopra ,2009,1.0,0.0,1.0,Chopra
Aaron Finch ,2010,1.0,0.0,1.0,Finch
Aaron Finch ,2013,1.0,0.0,1.0,Finch
Aaron Finch ,2014,1.0,0.0,1.0,Finch
Aaron Finch ,2018,1.0,0.0,1.0,Finch
Aaron Finch ,2022,1.0,0.0,1.0,Finch
Abdul Samad ,2020,1.0,0.0,1.0,Samad
Abdul Samad ,2021,1.0,0.0,1.0,Samad
Abhishek Nayar ,2013,1.0,0.0,1.0,Nayar
Abhishek Sharma ,2020,1.0,0.0,1.0,Sharma
Adam Gilchrist ,2009,1.0,0.0,1.0,Gilchrist
Aiden Blizzard ,2011,1.0,0.0,1.0,Blizzard
Aiden Markram ,2021,1.0,0.0,1.0,Markram
Ajinkya Rahane ,2020,1.0,0.0,1.0,Rahane
Albie Morkel ,2011,1.0,0.0,1.0,Morkel
Alex Hales ,2018,1.0,0.0,1.0,Hales
Amit Paunikar ,2011,1.0,0.0,1.0,Paunikar
Andre Russell ,2016,1.0,0.0,1.0,Russell
Andre Russell ,2020,1.0,0.0,1.0,Russell
Andre Russell ,2022,1.0,0.0,1.0,Russell
Ankit Sharma ,2014,1.0,0.0,1.0,Sharma
Anmolpreet Singh ,2023,1.0,0.0,1.0,Singh
Anrich Nortje ,2023,1.0,0.0,1.0,Nortje
Ashish Reddy ,2013,1.0,0.0,1.0,Reddy
Ashish Reddy ,2016,1.0,0.0,1.0,Reddy
Axar Patel ,2014,1.0,0.0,1.0,Patel
Axar Patel ,2016,1.0,0.0,1.0,Patel
Axar Patel ,2017,1.0,0.0,1.0,Patel
Ayush Badoni ,2022,1.0,0.0,1.0,Badoni
Ben Cutting ,2016,1.0,0.0,1.0,Cutting
Ben Cutting ,2018,1.0,0.0,1.0,Cutting
Ben Stokes ,2017,1.0,0.0,1.0,Stokes
Bhanuka Rajapaksa ,2022,1.0,0.0,1.0,Rajapaksa
Bhuvneshwar Kumar ,2023,1.0,0.0,1.0,Kumar
Brendon McCullum ,2015,1.0,0.0,1.0,McCullum
Brendon McCullum ,2017,1.0,0.0,1.0,McCullum
Brett Lee ,2012,1.0,0.0,1.0,Lee
Cameron Green ,2023,1.0,0.0,1.0,Green
Cameron White ,2008,1.0,0.0,1.0,White
Cameron White ,2012,1.0,0.0,1.0,White
Cheteshwar Pujara ,2013,1.0,0.0,1.0,Pujara
Chidhambaram Gautam ,2014,1.0,0.0,1.0,Gautam
Chris Gayle ,2010,1.0,0.0,1.0,Gayle
Chris Gayle ,2018,1.0,0.0,1.0,Gayle
Chris Gayle ,2019,1.0,0.0,1.0,Gayle
Chris Morris ,2017,1.0,0.0,1.0,Morris
Chris Morris ,2018,1.0,0.0,1.0,Morris
Colin de Grandhomme ,2018,1.0,0.0,1.0,deGrandhomme
D'Arcy Short ,2018,1.0,0.0,1.0,Short
Damien Martyn ,2010,1.0,0.0,1.0,Martyn
Dan Christian ,2011,1.0,0.0,1.0,Christian
David Hussey ,2013,1.0,0.0,1.0,Hussey
David Miller ,2015,1.0,0.0,1.0,Miller
David Miller ,2018,1.0,0.0,1.0,Miller
David Warner ,2010,1.0,0.0,1.0,Warner
David Warner ,2013,1.0,0.0,1.0,Warner
David Warner ,2022,1.0,0.0,1.0,Warner
Davy Jacobs ,2011,1.0,0.0,1.0,Jacobs
Debabrata Das ,2013,1.0,0.0,1.0,Das
Devdutt Padikkal ,2023,1.0,0.0,1.0,Padikkal
Devon Conway ,2022,1.0,0.0,1.0,Conway
Dimitri Mascarenhas ,2009,1.0,0.0,1.0,Mascarenhas
Dinesh Karthik ,2015,1.0,0.0,1.0,Karthik
Dinesh Karthik ,2016,1.0,0.0,1.0,Karthik
Dinesh Karthik ,2021,1.0,0.0,1.0,Karthik
Dinesh Salunkhe ,2008,1.0,0.0,1.0,Salunkhe
Dwayne Bravo ,2009,1.0,0.0,1.0,Bravo
Eoin Morgan ,2015,1.0,0.0,1.0,Morgan
Eoin Morgan ,2021,1.0,0.0,1.0,Morgan
Evin Lewis ,2019,1.0,0.0,1.0,Lewis
Gautam Gambhir ,2013,1.0,0.0,1.0,Gambhir
Gautam Gambhir ,2014,1.0,0.0,1.0,Gambhir
George Bailey ,2014,1.0,0.0,1.0,Bailey
Glenn Maxwell ,2014,1.0,0.0,1.0,Maxwell
Glenn Maxwell ,2023,1.0,0.0,1.0,Maxwell
Graeme Smith ,2009,1.0,0.0,1.0,Smith
Gurkeerat Singh Mann ,2020,1.0,0.0,1.0,SinghMann
Hardik Pandya ,2017,1.0,0.0,1.0,Pandya
Hardik Pandya ,2023,1.0,0.0,1.0,Pandya
Herschelle Gibbs ,2012,1.0,0.0,1.0,Gibbs
Irfan Pathan ,2008,1.0,0.0,1.0,Pathan
Ishan Kishan ,2018,1.0,0.0,1.0,Kishan
Ishan Kishan ,2021,1.0,0.0,1.0,Kishan
Ishank Jaggi ,2017,1.0,0.0,1.0,Jaggi
Jacques Kallis ,2008,1.0,0.0,1.0,Kallis
Jacques Kallis ,2011,1.0,0.0,1.0,Kallis
Jacques Kallis ,2014,1.0,0.0,1.0,Kallis
Jaydev Unadkat ,2021,1.0,0.0,1.0,Unadkat
Jean-Paul Duminy ,2009,1.0,0.0,1.0,Duminy
Jofra Archer ,2020,1.0,0.0,1.0,Archer
Johan Botha ,2013,1.0,0.0,1.0,Botha
Jos Buttler ,2018,1.0,0.0,1.0,Buttler
Jos Buttler ,2021,1.0,0.0,1.0,Buttler
Josh Philippe ,2020,1.0,0.0,1.0,Philippe
KL Rahul ,2015,1.0,0.0,1.0,Rahul
KL Rahul ,2023,1.0,0.0,1.0,Rahul
Kagiso Rabada ,2017,1.0,0.0,1.0,Rabada
Kamran Akmal ,2008,1.0,0.0,1.0,Akmal
Karan Goel ,2008,1.0,0.0,1.0,Goel
Karn Sharma ,2015,1.0,0.0,1.0,Sharma
Karun Nair ,2014,1.0,0.0,1.0,Nair
Kedar Jadhav ,2014,1.0,0.0,1.0,Jadhav
Kedar Jadhav ,2015,1.0,0.0,1.0,Jadhav
Kedar Jadhav ,2018,1.0,0.0,1.0,Jadhav
Kevin Pietersen ,2016,1.0,0.0,1.0,Pietersen
Kieron Pollard ,2013,1.0,0.0,1.0,Pollard
Kieron Pollard ,2018,1.0,0.0,1.0,Pollard
Lalit Yadav ,2023,1.0,0.0,1.0,Yadav
Lasith Malinga ,2012,1.0,0.0,1.0,Malinga
Liam Livingstone ,2023,1.0,0.0,1.0,Livingstone
Manan Vohra ,2015,1.0,0.0,1.0,Vohra
Manan Vohra ,2017,1.0,0.0,1.0,Vohra
Mandeep Singh ,2015,1.0,0.0,1.0,Singh
Mandeep Singh ,2019,1.0,0.0,1.0,Singh
Manish Pandey ,2011,1.0,0.0,1.0,Pandey
Manish Pandey ,2015,1.0,0.0,1.0,Pandey
Manish Pandey ,2018,1.0,0.0,1.0,Pandey
Manoj Tiwary ,2010,1.0,0.0,1.0,Tiwary
Manoj Tiwary ,2018,1.0,0.0,1.0,Tiwary
Manprit Juneja ,2013,1.0,0.0,1.0,Juneja
Manvinder  Bisla ,2010,1.0,0.0,1.0,Bisla
Marlon Samuels ,2012,1.0,0.0,1.0,Samuels
Martin Guptill ,2019,1.0,0.0,1.0,Guptill
Matthew Short ,2023,1.0,0.0,1.0,Short
Matthew Wade ,2022,1.0,0.0,1.0,Wade
Mayank Agarwal ,2014,1.0,0.0,1.0,Agarwal
Mayank Agarwal ,2021,1.0,0.0,1.0,Agarwal
Michael Hussey ,2008,1.0,0.0,1.0,Hussey
Mitchell Marsh ,2013,1.0,0.0,1.0,Marsh
Mithun Manhas ,2011,1.0,0.0,1.0,Manhas
Moeen Ali ,2022,1.0,0.0,1.0,Ali
Moeen Ali ,2023,1.0,0.0,1.0,Ali
Mohammad Kaif ,2008,1.0,0.0,1.0,Kaif
Mohammad Kaif ,2011,1.0,0.0,1.0,Kaif
Moises Henriques ,2013,1.0,0.0,1.0,Henriques
Murali Vijay ,2012,1.0,0.0,1.0,Vijay
Naman Ojha ,2009,1.0,0.0,1.0,Ojha
Naman Ojha ,2011,1.0,0.0,1.0,Ojha
Nitin Saini ,2012,1.0,0.0,1.0,Saini
Nitish Rana ,2017,1.0,0.0,1.0,Rana
Pardeep Sahu ,2016,1.0,0.0,1.0,Sahu
Parthiv Patel ,2009,1.0,0.0,1.0,Patel
Parthiv Patel ,2013,1.0,0.0,1.0,Patel
Parthiv Patel ,2015,1.0,0.0,1.0,Patel
Piyush Chawla ,2010,1.0,0.0,1.0,Chawla
Piyush Chawla ,2013,1.0,0.0,1.0,Chawla
Prabhsimran Singh ,2020,1.0,0.0,1.0,Singh
Prayas Ray Barman ,2019,1.0,0.0,1.0,RayBarman
Prithvi Shaw ,2019,1.0,0.0,1.0,Shaw
Priyam Garg ,2022,1.0,0.0,1.0,Garg
Quinton de Kock ,2014,1.0,0.0,1.0,deKock
Rahul Dravid ,2010,1.0,0.0,1.0,Dravid
Rahul Tewatia ,2021,1.0,0.0,1.0,Tewatia
Rahul Tripathi ,2018,1.0,0.0,1.0,Tripathi
Rahul Tripathi ,2019,1.0,0.0,1.0,Tripathi
Rahul Tripathi ,2022,1.0,0.0,1.0,Tripathi
Rajat Patidar ,2021,1.0,0.0,1.0,Patidar
Ramnaresh Sarwan ,2008,1.0,0.0,1.0,Sarwan
Rashid Khan ,2018,1.0,0.0,1.0,Khan
Rashid Khan ,2021,1.0,0.0,1.0,Khan
Ravi Bopara ,2009,1.0,0.0,1.0,Bopara
Ravi Rampaul ,2013,1.0,0.0,1.0,Rampaul
Ravindra Jadeja ,2014,1.0,0.0,1.0,Jadeja
Ravindra Jadeja ,2016,1.0,0.0,1.0,Jadeja
Ravindra Jadeja ,2018,1.0,0.0,1.0,Jadeja
Ravindra Jadeja ,2019,1.0,0.0,1.0,Jadeja
Ricky Ponting ,2008,1.0,0.0,1.0,Ponting
Ricky Ponting ,2013,1.0,0.0,1.0,Ponting
Rinku Singh ,2019,1.0,0.0,1.0,Singh
Rishi Dhawan ,2014,1.0,0.0,1.0,Dhawan
Riyan Parag ,2020,1.0,0.0,1.0,Parag
Rob Quiney ,2009,1.0,0.0,1.0,Quiney
Robin Uthappa ,2019,1.0,0.0,1.0,Uthappa
Rohit Sharma ,2018,1.0,0.0,1.0,Sharma
Ross Taylor ,2010,1.0,0.0,1.0,Taylor
Ross Taylor ,2012,1.0,0.0,1.0,Taylor
Ryan ten Doeschate ,2015,1.0,0.0,1.0,tenDoeschate
Sam Billings ,2017,1.0,0.0,1.0,Billings
Sanath Jayasuriya ,2009,1.0,0.0,1.0,Jayasuriya
Sanju Samson ,2013,1.0,0.0,1.0,Samson
Sarfaraz Khan ,2015,1.0,0.0,1.0,Khan
Sarfaraz Khan ,2022,1.0,0.0,1.0,Khan
Saurabh Tiwary ,2015,1.0,0.0,1.0,Tiwary
Saurabh Tiwary ,2016,1.0,0.0,1.0,Tiwary
Saurabh Tiwary ,2017,1.0,0.0,1.0,Tiwary
Scott Styris ,2008,1.0,0.0,1.0,Styris
Shakib Al Hasan ,2011,1.0,0.0,1.0,AlHasan
Shane Watson ,2010,1.0,0.0,1.0,Watson
Shane Watson ,2019,1.0,0.0,1.0,Watson
Shardul Thakur ,2022,1.0,0.0,1.0,Thakur
Shaun Marsh ,2008,1.0,0.0,1.0,Marsh
Shivam Dube ,2021,1.0,0.0,1.0,Dube
Shivam Dube ,2022,1.0,0.0,1.0,Dube
Shivam Dube ,2023,1.0,0.0,1.0,Dube
Shreevats Goswami ,2011,1.0,0.0,1.0,Goswami
Shreyas Gopal ,2018,1.0,0.0,1.0,Gopal
Sourav Ganguly ,2009,1.0,0.0,1.0,Ganguly
Sreenath Aravind ,2017,1.0,0.0,1.0,Aravind
Steven Smith ,2014,1.0,0.0,1.0,Smith
Stuart Binny ,2011,1.0,0.0,1.0,Binny
Stuart Binny ,2014,1.0,0.0,1.0,Binny
Stuart Binny ,2019,1.0,0.0,1.0,Binny
Sumit Narwal ,2013,1.0,0.0,1.0,Narwal
Sunil Narine ,2019,1.0,0.0,1.0,Narine
Sunil Narine ,2021,1.0,0.0,1.0,Narine
Sunil Narine ,2022,1.0,0.0,1.0,Narine
Suresh Raina ,2016,1.0,0.0,1.0,Raina
Suryakumar Yadav ,2016,1.0,0.0,1.0,Yadav
Tilak Varma ,2023,1.0,0.0,1.0,Varma
Tillakaratne Dilshan ,2008,1.0,0.0,1.0,Dilshan
Tillakaratne Dilshan ,2011,1.0,0.0,1.0,Dilshan
Tim Southee ,2018,1.0,0.0,1.0,Southee
Tirumalasetti Suman ,2009,1.0,0.0,1.0,Suman
Tirumalasetti Suman ,2010,1.0,0.0,1.0,Suman
Tom Curran ,2021,1.0,0.0,1.0,Curran
Umesh Yadav ,2022,1.0,0.0,1.0,Yadav
Unmukt Chand ,2015,1.0,0.0,1.0,Chand
Vidyut Sivaramakrishnan ,2008,1.0,0.0,1.0,Sivaramakrishnan
Virat Kohli ,2020,1.0,0.0,1.0,Kohli
Virender Sehwag ,2009,1.0,0.0,1.0,Sehwag
Virender Sehwag ,2014,1.0,0.0,1.0,Sehwag
Virender Sehwag ,2015,1.0,0.0,1.0,Sehwag
Wilkin Mota ,2008,1.0,0.0,1.0,Mota
Wriddhiman Saha ,2011,1.0,0.0,1.0,Saha
Yashasvi Jaiswal ,2022,1.0,0.0,1.0,Jaiswal
Yusuf Pathan ,2009,1.0,0.0,1.0,Pathan
Yusuf Pathan ,2010,1.0,0.0,1.0,Pathan
Yusuf Pathan ,2017,1.0,0.0,1.0,Pathan
Yuvraj Singh ,2011,1.0,0.0,1.0,Singh
Yuvraj Singh ,2013,1.0,0.0,1.0,Singh
AB de Villiers,2012,1.0,1.0,0.0,deVilliers
Aaron Finch,2013,1.0,1.0,0.0,Finch
Aaron Finch,2018,1.0,1.0,0.0,Finch
Abdul Samad,2023,1.0,1.0,0.0,Samad
Abhishek Raut,2010,1.0,1.0,0.0,Raut
Adam Gilchrist,2010,1.0,1.0,0.0,Gilchrist
Aditya Dole,2010,1.0,1.0,0.0,Dole
Aditya Tare,2013,1.0,1.0,0.0,Tare
Aiden Blizzard,2011,1.0,1.0,0.0,Blizzard
Aiden Markram,2023,1.0,1.0,0.0,Markram
Ajinkya Rahane,2011,1.0,1.0,0.0,Rahane
Ajinkya Rahane,2017,1.0,1.0,0.0,Rahane
Ajinkya Rahane,2019,1.0,1.0,0.0,Rahane
Ajinkya Rahane,2020,1.0,1.0,0.0,Rahane
Akshath Reddy,2012,1.0,1.0,0.0,Reddy
Alex Hales,2018,1.0,1.0,0.0,Hales
Angelo Mathews,2013,1.0,1.0,0.0,Mathews
Anuj Rawat,2022,1.0,1.0,0.0,Rawat
Axar Patel,2023,1.0,1.0,0.0,Patel
Azhar Mahmood,2013,1.0,1.0,0.0,Mahmood
Bhanuka Rajapaksa,2022,1.0,1.0,0.0,Rajapaksa
Cameron White,2008,1.0,1.0,0.0,White
Carlos Brathwaite,2018,1.0,1.0,0.0,Brathwaite
Chris Gayle,2016,1.0,1.0,0.0,Gayle
Chris Gayle,2020,1.0,1.0,0.0,Gayle
Corey Anderson,2014,1.0,1.0,0.0,Anderson
D'Arcy Short,2018,1.0,1.0,0.0,Short
Daniel Harris,2012,1.0,1.0,0.0,Harris
David Miller,2021,1.0,1.0,0.0,Miller
David Miller,2023,1.0,1.0,0.0,Miller
David Warner,2021,1.0,1.0,0.0,Warner
David Wiese,2015,1.0,1.0,0.0,Wiese
Debabrata Das,2012,1.0,1.0,0.0,Das
Deepak Hooda,2019,1.0,1.0,0.0,Hooda
Dhawal Kulkarni,2014,1.0,1.0,0.0,Kulkarni
Dinesh Karthik,2008,1.0,1.0,0.0,Karthik
Dinesh Karthik,2010,1.0,1.0,0.0,Karthik
Dinesh Karthik,2017,1.0,1.0,0.0,Karthik
Dinesh Karthik,2018,1.0,1.0,0.0,Karthik
Dinesh Karthik,2019,1.0,1.0,0.0,Karthik
Eoin Morgan,2016,1.0,1.0,0.0,Morgan
Farveez Maharoof,2010,1.0,1.0,0.0,Maharoof
Gautam Gambhir,2009,1.0,1.0,0.0,Gambhir
George Bailey,2014,1.0,1.0,0.0,Bailey
Harbhajan Singh,2012,1.0,1.0,0.0,Singh
Harbhajan Singh,2015,1.0,1.0,0.0,Singh
Hardik Pandya,2015,1.0,1.0,0.0,Pandya
Hashim Amla,2016,1.0,1.0,0.0,Amla
James Faulkner,2016,1.0,1.0,0.0,Faulkner
James Franklin,2012,1.0,1.0,0.0,Franklin
James Hopes,2008,1.0,1.0,0.0,Hopes
Jean-Paul Duminy,2016,1.0,1.0,0.0,Duminy
Jitesh Sharma,2022,1.0,1.0,0.0,Sharma
Jonny Bairstow,2022,1.0,1.0,0.0,Bairstow
Josh Philippe,2020,1.0,1.0,0.0,Philippe
KL Rahul,2015,1.0,1.0,0.0,Rahul
Kane Williamson,2017,1.0,1.0,0.0,Williamson
Kane Williamson,2022,1.0,1.0,0.0,Williamson
Kevin Pietersen,2009,1.0,1.0,0.0,Pietersen
Kieron Pollard,2010,1.0,1.0,0.0,Pollard
Kieron Pollard,2012,1.0,1.0,0.0,Pollard
Kieron Pollard,2016,1.0,1.0,0.0,Pollard
Kieron Pollard,2018,1.0,1.0,0.0,Pollard
Kieron Pollard,2021,1.0,1.0,0.0,Pollard
Krishnappa Gowtham,2023,1.0,1.0,0.0,Gowtham
Krunal Pandya,2016,1.0,1.0,0.0,Pandya
Krunal Pandya,2022,1.0,1.0,0.0,Pandya
Kumar Sangakkara,2011,1.0,1.0,0.0,Sangakkara
Lalit Yadav,2022,1.0,1.0,0.0,Yadav
Laxmi Shukla,2009,1.0,1.0,0.0,Shukla
Laxmi Shukla,2012,1.0,1.0,0.0,Shukla
Luke Pomersbach,2013,1.0,1.0,0.0,Pomersbach
MS Dhoni,2009,1.0,1.0,0.0,Dhoni
MS Dhoni,2012,1.0,1.0,0.0,Dhoni
MS Dhoni,2014,1.0,1.0,0.0,Dhoni
MS Dhoni,2015,1.0,1.0,0.0,Dhoni
MS Dhoni,2016,1.0,1.0,0.0,Dhoni
MS Dhoni,2017,1.0,1.0,0.0,Dhoni
Mahipal Lomror,2022,1.0,1.0,0.0,Lomror
Manan Vohra,2018,1.0,1.0,0.0,Vohra
Mandeep Singh,2017,1.0,1.0,0.0,Singh
Manish Pandey,2010,1.0,1.0,0.0,Pandey
Manish Pandey,2015,1.0,1.0,0.0,Pandey
Manish Pandey,2016,1.0,1.0,0.0,Pandey
Manoj Tiwary,2015,1.0,1.0,0.0,Tiwary
Manpreet Gony,2013,1.0,1.0,0.0,Gony
Manvinder  Bisla,2010,1.0,1.0,0.0,Bisla
Mark Boucher,2009,1.0,1.0,0.0,Boucher
Martin Guptill,2017,1.0,1.0,0.0,Guptill
Mayank Agarwal,2017,1.0,1.0,0.0,Agarwal
Michael Hussey,2014,1.0,1.0,0.0,Hussey
Michael Hussey,2015,1.0,1.0,0.0,Hussey
Michael Lumb,2010,1.0,1.0,0.0,Lumb
Mitchell Marsh,2023,1.0,1.0,0.0,Marsh
Mithun Manhas,2011,1.0,1.0,0.0,Manhas
Mithun Manhas,2012,1.0,1.0,0.0,Manhas
Mohnish  Mishra,2011,1.0,1.0,0.0,Mishra
Murali Vijay,2019,1.0,1.0,0.0,Vijay
Naman Ojha,2011,1.0,1.0,0.0,Ojha
Nitish Rana,2018,1.0,1.0,0.0,Rana
Parthiv Patel,2010,1.0,1.0,0.0,Patel
Parthiv Patel,2012,1.0,1.0,0.0,Patel
Parthiv Patel,2014,1.0,1.0,0.0,Patel
Pat Cummins,2021,1.0,1.0,0.0,Cummins
Pat Cummins,2022,1.0,1.0,0.0,Cummins
Pawan Negi,2017,1.0,1.0,0.0,Negi
Phil Salt,2023,1.0,1.0,0.0,Salt
Praveen Kumar,2008,1.0,1.0,0.0,Kumar
Quinton de Kock,2014,1.0,1.0,0.0,deKock
Rahmanullah Gurbaz,2023,1.0,1.0,0.0,Gurbaz
Rahul Tripathi,2018,1.0,1.0,0.0,Tripathi
Rahul Tripathi,2020,1.0,1.0,0.0,Tripathi
Ravi Bopara,2015,1.0,1.0,0.0,Bopara
Ravichandran Ashwin,2022,1.0,1.0,0.0,Ashwin
Ravindra Jadeja,2013,1.0,1.0,0.0,Jadeja
Ravindra Jadeja,2021,1.0,1.0,0.0,Jadeja
Robin Uthappa,2009,1.0,1.0,0.0,Uthappa
Robin Uthappa,2010,1.0,1.0,0.0,Uthappa
Robin Uthappa,2019,1.0,1.0,0.0,Uthappa
Rohit Sharma,2009,1.0,1.0,0.0,Sharma
Ross Taylor,2012,1.0,1.0,0.0,Taylor
Sachin Tendulkar,2008,1.0,1.0,0.0,Tendulkar
Sachin Tendulkar,2013,1.0,1.0,0.0,Tendulkar
Sai Sudharsan,2022,1.0,1.0,0.0,Sudharsan
Sam Billings,2017,1.0,1.0,0.0,Billings
Sam Billings,2018,1.0,1.0,0.0,Billings
Sam Curran,2019,1.0,1.0,0.0,Curran
Sam Curran,2020,1.0,1.0,0.0,Curran
Sanju Samson,2016,1.0,1.0,0.0,Samson
Saurabh Tiwary,2016,1.0,1.0,0.0,Tiwary
Saurabh Tiwary,2020,1.0,1.0,0.0,Tiwary
Shakib Al Hasan,2016,1.0,1.0,0.0,AlHasan
Shardul Thakur,2023,1.0,1.0,0.0,Thakur
Shaun Marsh,2014,1.0,1.0,0.0,Marsh
Shaun Marsh,2017,1.0,1.0,0.0,Marsh
Sherfane Rutherford,2022,1.0,1.0,0.0,Rutherford
Shikhar Dhawan,2010,1.0,1.0,0.0,Dhawan
Shikhar Dhawan,2011,1.0,1.0,0.0,Dhawan
Shimron Hetmyer,2019,1.0,1.0,0.0,Hetmyer
Shimron Hetmyer,2022,1.0,1.0,0.0,Hetmyer
Shimron Hetmyer,2023,1.0,1.0,0.0,Hetmyer
Shreevats Goswami,2008,1.0,1.0,0.0,Goswami
Shreevats Goswami,2009,1.0,1.0,0.0,Goswami
Shubman Gill,2018,1.0,1.0,0.0,Gill
Siddharth Chitnis,2012,1.0,1.0,0.0,Chitnis
Simon Katich,2008,1.0,1.0,0.0,Katich
Srikar Bharat,2021,1.0,1.0,0.0,Bharat
Srikkanth Anirudha,2011,1.0,1.0,0.0,Anirudha
Steven Smith,2014,1.0,1.0,0.0,Smith
Steven Smith,2020,1.0,1.0,0.0,Smith
Sunny Sohal,2009,1.0,1.0,0.0,Sohal
Suryakumar Yadav,2014,1.0,1.0,0.0,Yadav
Suyash Prabhudessai,2022,1.0,1.0,0.0,Prabhudessai
Tillakaratne Dilshan,2008,1.0,1.0,0.0,Dilshan
Tom Curran,2020,1.0,1.0,0.0,Curran
Travis Head,2017,1.0,1.0,0.0,Head
Vidyut Sivaramakrishnan,2008,1.0,1.0,0.0,Sivaramakrishnan
Vinay Kumar,2012,1.0,1.0,0.0,Kumar
Virat Kohli,2010,1.0,1.0,0.0,Kohli
Virender Sehwag,2013,1.0,1.0,0.0,Sehwag
Virender Sehwag,2015,1.0,1.0,0.0,Sehwag
Wasim Jaffer,2008,1.0,1.0,0.0,Jaffer
Wriddhiman Saha,2010,1.0,1.0,0.0,Saha
Wriddhiman Saha,2011,1.0,1.0,0.0,Saha
Wriddhiman Saha,2021,1.0,1.0,0.0,Saha
Yusuf Pathan,2014,1.0,1.0,0.0,Pathan
Yuvraj Singh,2019,1.0,1.0,0.0,Singh
AB de Villiers ,2021,1.0,1.0,0.0,deVilliers
Abdul Samad ,2023,1.0,1.0,0.0,Samad
Abhinav Manohar ,2023,1.0,1.0,0.0,Manohar
Abhishek Sharma ,2018,1.0,1.0,0.0,Sharma
Abhishek Sharma ,2021,1.0,1.0,0.0,Sharma
Abhishek Sharma ,2022,1.0,1.0,0.0,Sharma
Abu Nechim ,2011,1.0,1.0,0.0,Nechim
Aditya Tare ,2013,1.0,1.0,0.0,Tare
Adrian Barath ,2010,1.0,1.0,0.0,Barath
Ajinkya Rahane ,2014,1.0,1.0,0.0,Rahane
Ajinkya Rahane ,2016,1.0,1.0,0.0,Rahane
Akshath Reddy ,2012,1.0,1.0,0.0,Reddy
Albie Morkel ,2008,1.0,1.0,0.0,Morkel
Ambati Rayudu ,2011,1.0,1.0,0.0,Rayudu
Amit Mishra ,2011,1.0,1.0,0.0,Mishra
Amit Mishra ,2023,1.0,1.0,0.0,Mishra
Andre Russell ,2021,1.0,1.0,0.0,Russell
Andrew McDonald ,2012,1.0,1.0,0.0,McDonald
Angelo Mathews ,2010,1.0,1.0,0.0,Mathews
Ashley Noffke ,2008,1.0,1.0,0.0,Noffke
Avesh Khan ,2022,1.0,1.0,0.0,Khan
Axar Patel ,2020,1.0,1.0,0.0,Patel
Ben Rohrer ,2013,1.0,1.0,0.0,Rohrer
Ben Stokes ,2018,1.0,1.0,0.0,Stokes
Ben Stokes ,2020,1.0,1.0,0.0,Stokes
Bhuvneshwar Kumar ,2016,1.0,1.0,0.0,Kumar
Brad Hodge ,2010,1.0,1.0,0.0,Hodge
Cheteshwar Pujara ,2010,1.0,1.0,0.0,Pujara
Cheteshwar Pujara ,2014,1.0,1.0,0.0,Pujara
Chris Gayle ,2013,1.0,1.0,0.0,Gayle
Chris Gayle ,2016,1.0,1.0,0.0,Gayle
Chris Gayle ,2021,1.0,1.0,0.0,Gayle
Chris Morris ,2015,1.0,1.0,0.0,Morris
Chris Morris ,2020,1.0,1.0,0.0,Morris
Chris Morris ,2021,1.0,1.0,0.0,Morris
Chris Woakes ,2017,1.0,1.0,0.0,Woakes
Dale Steyn ,2015,1.0,1.0,0.0,Steyn
Daniel Vettori ,2009,1.0,1.0,0.0,Vettori
Daniel Vettori ,2012,1.0,1.0,0.0,Vettori
David Miller ,2019,1.0,1.0,0.0,Miller
David Warner ,2023,1.0,1.0,0.0,Warner
David Wiese ,2015,1.0,1.0,0.0,Wiese
Debabrata Das ,2012,1.0,1.0,0.0,Das
Deepak Chahar ,2018,1.0,1.0,0.0,Chahar
Deepak Hooda ,2018,1.0,1.0,0.0,Hooda
Dhruv Jurel ,2023,1.0,1.0,0.0,Jurel
Dinesh Karthik ,2009,1.0,1.0,0.0,Karthik
Dinesh Karthik ,2020,1.0,1.0,0.0,Karthik
Dwaraka Ravi Teja ,2008,1.0,1.0,0.0,RaviTeja
Dwaraka Ravi Teja ,2011,1.0,1.0,0.0,RaviTeja
Dwayne Bravo ,2022,1.0,1.0,0.0,Bravo
Dwayne Smith ,2017,1.0,1.0,0.0,Smith
Evin Lewis ,2022,1.0,1.0,0.0,Lewis
Glenn Maxwell ,2013,1.0,1.0,0.0,Maxwell
Glenn Maxwell ,2015,1.0,1.0,0.0,Maxwell
Glenn Maxwell ,2020,1.0,1.0,0.0,Maxwell
Gurkeerat Singh Mann ,2019,1.0,1.0,0.0,SinghMann
Hanuma Vihari ,2013,1.0,1.0,0.0,Vihari
Harbhajan Singh ,2013,1.0,1.0,0.0,Singh
Hardik Pandya ,2019,1.0,1.0,0.0,Pandya
Hashim Amla ,2017,1.0,1.0,0.0,Amla
Herschelle Gibbs ,2009,1.0,1.0,0.0,Gibbs
Ishan Kishan ,2016,1.0,1.0,0.0,Kishan
Ishan Kishan ,2017,1.0,1.0,0.0,Kishan
Ishan Kishan ,2019,1.0,1.0,0.0,Kishan
Ishan Kishan ,2022,1.0,1.0,0.0,Kishan
Jacob Oram ,2009,1.0,1.0,0.0,Oram
Jagadeesha Suchith ,2015,1.0,1.0,0.0,Suchith
James Hopes ,2008,1.0,1.0,0.0,Hopes
Jason Roy ,2021,1.0,1.0,0.0,Roy
Jasprit Bumrah ,2017,1.0,1.0,0.0,Bumrah
Joe Root ,2023,1.0,1.0,0.0,Root
Jonny Bairstow ,2022,1.0,1.0,0.0,Bairstow
Jos Buttler ,2017,1.0,1.0,0.0,Buttler
Jos Buttler ,2020,1.0,1.0,0.0,Buttler
Kane Richardson ,2013,1.0,1.0,0.0,Richardson
Karn Sharma ,2013,1.0,1.0,0.0,Sharma
Karun Nair ,2015,1.0,1.0,0.0,Nair
Kedar Jadhav ,2020,1.0,1.0,0.0,Jadhav
Kieron Pollard ,2010,1.0,1.0,0.0,Pollard
Kieron Pollard ,2014,1.0,1.0,0.0,Pollard
Kieron Pollard ,2021,1.0,1.0,0.0,Pollard
Kieron Pollard ,2022,1.0,1.0,0.0,Pollard
Krunal Pandya ,2021,1.0,1.0,0.0,Pandya
Krunal Pandya ,2023,1.0,1.0,0.0,Pandya
Lockie Ferguson ,2020,1.0,1.0,0.0,Ferguson
Luke Pomersbach ,2011,1.0,1.0,0.0,Pomersbach
MS Dhoni ,2023,1.0,1.0,0.0,Dhoni
Mandeep Singh ,2018,1.0,1.0,0.0,Singh
Manish Pandey ,2021,1.0,1.0,0.0,Pandey
Manoj Tiwary ,2008,1.0,1.0,0.0,Tiwary
Manvinder  Bisla ,2011,1.0,1.0,0.0,Bisla
Martin Guptill ,2016,1.0,1.0,0.0,Guptill
Matthew Hayden ,2010,1.0,1.0,0.0,Hayden
Mayank Agarwal ,2013,1.0,1.0,0.0,Agarwal
Mayank Agarwal ,2022,1.0,1.0,0.0,Agarwal
Mayank Agarwal ,2023,1.0,1.0,0.0,Agarwal
Misbah-ul-Haq ,2008,1.0,1.0,0.0,
Mitchell Santner ,2019,1.0,1.0,0.0,Santner
Moeen Ali ,2018,1.0,1.0,0.0,Ali
Mohnish  Mishra ,2010,1.0,1.0,0.0,Mishra
Morne van Wyk ,2009,1.0,1.0,0.0,vanWyk
Murali Kartik ,2010,1.0,1.0,0.0,Kartik
Murali Vijay ,2014,1.0,1.0,0.0,Vijay
Naman Ojha ,2010,1.0,1.0,0.0,Ojha
Naman Ojha ,2015,1.0,1.0,0.0,Ojha
Naman Ojha ,2016,1.0,1.0,0.0,Ojha
Naman Ojha ,2017,1.0,1.0,0.0,Ojha
Narayan Jagadeesan ,2020,1.0,1.0,0.0,Jagadeesan
Narayan Jagadeesan ,2022,1.0,1.0,0.0,Jagadeesan
Nitish Rana ,2016,1.0,1.0,0.0,Rana
Nitish Rana ,2018,1.0,1.0,0.0,Rana
Paul Collingwood ,2010,1.0,1.0,0.0,Collingwood
Pawan Negi ,2015,1.0,1.0,0.0,Negi
Prithvi Shaw ,2018,1.0,1.0,0.0,Shaw
Quinton de Kock ,2015,1.0,1.0,0.0,deKock
Rahmanullah Gurbaz ,2023,1.0,1.0,0.0,Gurbaz
Rahul Tewatia ,2018,1.0,1.0,0.0,Tewatia
Rahul Tewatia ,2022,1.0,1.0,0.0,Tewatia
Rahul Tripathi ,2020,1.0,1.0,0.0,Tripathi
Rajagopal Sathish ,2013,1.0,1.0,0.0,Sathish
Rajat Bhatia ,2014,1.0,1.0,0.0,Bhatia
Rajat Bhatia ,2017,1.0,1.0,0.0,Bhatia
Rashid Khan ,2022,1.0,1.0,0.0,Khan
Rishi Dhawan ,2015,1.0,1.0,0.0,Dhawan
Riyan Parag ,2019,1.0,1.0,0.0,Parag
Robin Uthappa ,2009,1.0,1.0,0.0,Uthappa
Robin Uthappa ,2012,1.0,1.0,0.0,Uthappa
Robin Uthappa ,2017,1.0,1.0,0.0,Uthappa
Rohit Sharma ,2008,1.0,1.0,0.0,Sharma
Romario Shepherd ,2022,1.0,1.0,0.0,Shepherd
Ross Taylor ,2014,1.0,1.0,0.0,Taylor
S Badrinath ,2009,1.0,1.0,0.0,Badrinath
S Badrinath ,2012,1.0,1.0,0.0,Badrinath
S Badrinath ,2013,1.0,1.0,0.0,Badrinath
Sachin Baby ,2016,1.0,1.0,0.0,Baby
Sachin Tendulkar ,2010,1.0,1.0,0.0,Tendulkar
Sam Billings ,2016,1.0,1.0,0.0,Billings
Sanju Samson ,2019,1.0,1.0,0.0,Samson
Sanju Samson ,2021,1.0,1.0,0.0,Samson
Shane Watson ,2017,1.0,1.0,0.0,Watson
Shaun Marsh ,2013,1.0,1.0,0.0,Marsh
Shaun Marsh ,2016,1.0,1.0,0.0,Marsh
Shaun Marsh ,2017,1.0,1.0,0.0,Marsh
Shikhar Dhawan ,2010,1.0,1.0,0.0,Dhawan
Shikhar Dhawan ,2013,1.0,1.0,0.0,Dhawan
Shikhar Dhawan ,2018,1.0,1.0,0.0,Dhawan
Shikhar Dhawan ,2020,1.0,1.0,0.0,Dhawan
Shimron Hetmyer ,2020,1.0,1.0,0.0,Hetmyer
Shreyas Iyer ,2019,1.0,1.0,0.0,Iyer
Shreyas Iyer ,2021,1.0,1.0,0.0,Iyer
Shubman Gill ,2019,1.0,1.0,0.0,Gill
Shubman Gill ,2022,1.0,1.0,0.0,Gill
Steven Smith ,2021,1.0,1.0,0.0,Smith
Stuart Binny ,2018,1.0,1.0,0.0,Binny
Suryakumar Yadav ,2014,1.0,1.0,0.0,Yadav
Suryakumar Yadav ,2015,1.0,1.0,0.0,Yadav
Suryakumar Yadav ,2018,1.0,1.0,0.0,Yadav
Tim Southee ,2016,1.0,1.0,0.0,Southee
Travis Birt ,2011,1.0,1.0,0.0,Birt
Trent Boult ,2023,1.0,1.0,0.0,Boult
Umar Gul ,2008,1.0,1.0,0.0,Gul
VVS Laxman ,2010,1.0,1.0,0.0,Laxman
VVS Laxman ,2011,1.0,1.0,0.0,Laxman
Venkatesh Iyer ,2022,1.0,1.0,0.0,Iyer
Vijay Shankar ,2023,1.0,1.0,0.0,Shankar
Vinay Kumar ,2008,1.0,1.0,0.0,Kumar
Virat Kohli ,2019,1.0,1.0,0.0,Kohli
Virender Sehwag ,2012,1.0,1.0,0.0,Sehwag
Wanindu Hasaranga ,2022,1.0,1.0,0.0,Hasaranga
Washington Sundar ,2020,1.0,1.0,0.0,Sundar
Washington Sundar ,2022,1.0,1.0,0.0,Sundar
Wasim Jaffer ,2008,1.0,1.0,0.0,Jaffer
Wriddhiman Saha ,2014,1.0,1.0,0.0,Saha
Wriddhiman Saha ,2020,1.0,1.0,0.0,Saha
Wriddhiman Saha ,2022,1.0,1.0,0.0,Saha
Yashasvi Jaiswal ,2020,1.0,1.0,0.0,Jaiswal
Yogesh Takawale ,2008,1.0,1.0,0.0,Takawale
Yusuf Pathan ,2012,1.0,1.0,0.0,Pathan
Yuvraj Singh ,2014,1.0,1.0,0.0,Singh
