,batter,season,home_key_batter_1_count,home_key_batter_2_count,away_key_batter_1_count,away_key_batter_2_count,overall_key_count,home_key_count,away_key_count
112,David Warner,2016,6.0,0.0,6.0,0.0,12.0,6.0,6.0
467,Shaun Marsh,2008,5.0,0.0,5.0,0.0,10.0,5.0,5.0
81,Chris Gayle,2012,2.0,0.0,7.0,0.0,9.0,2.0,7.0
218,Jos Buttler,2022,5.0,0.0,4.0,0.0,9.0,5.0,4.0
161,Gautam Gambhir,2012,4.0,0.0,4.0,0.0,8.0,4.0,4.0
584,Virender Sehwag,2012,4.0,0.0,4.0,0.0,8.0,4.0,4.0
82,Chris Gayle,2013,5.0,0.0,3.0,0.0,8.0,5.0,3.0
113,David Warner,2017,5.0,0.0,3.0,0.0,8.0,5.0,3.0
392,Rishabh Pant,2018,5.0,0.0,3.0,0.0,8.0,5.0,3.0
401,Robin Uthappa,2014,5.0,0.0,3.0,0.0,8.0,5.0,3.0
762,Dinesh Karthik ,2018,0.0,5.0,0.0,3.0,8.0,5.0,3.0
203,Jean-Paul Duminy,2009,2.0,0.0,5.0,0.0,7.0,2.0,5.0
230,Kane Williamson,2018,2.0,0.0,5.0,0.0,7.0,2.0,5.0
367,Quinton de Kock,2016,2.0,0.0,5.0,0.0,7.0,2.0,5.0
192,Jacques Kallis,2010,3.0,0.0,4.0,0.0,7.0,3.0,4.0
223,KL Rahul,2018,3.0,0.0,4.0,0.0,7.0,3.0,4.0
315,Michael Hussey,2013,3.0,0.0,4.0,0.0,7.0,3.0,4.0
433,Sachin Tendulkar,2010,3.0,0.0,4.0,0.0,7.0,3.0,4.0
6,AB de Villiers,2018,4.0,0.0,3.0,0.0,7.0,4.0,3.0
1094,Sachin Tendulkar ,2011,0.0,4.0,0.0,3.0,7.0,4.0,3.0
89,Chris Lynn,2018,5.0,0.0,2.0,0.0,7.0,5.0,2.0
308,Matthew Hayden,2009,5.0,0.0,2.0,0.0,7.0,5.0,2.0
485,Shikhar Dhawan,2021,5.0,0.0,2.0,0.0,7.0,5.0,2.0
1022,Rahul Dravid ,2011,0.0,5.0,0.0,2.0,7.0,5.0,2.0
215,Jos Buttler,2018,2.0,0.0,4.0,0.0,6.0,2.0,4.0
266,Lendl Simmons,2015,2.0,0.0,4.0,0.0,6.0,2.0,4.0
410,Rohit Sharma,2012,2.0,0.0,4.0,0.0,6.0,2.0,4.0
423,Ruturaj Gaikwad,2021,2.0,0.0,4.0,0.0,6.0,2.0,4.0
451,Sanju Samson,2021,2.0,0.0,4.0,0.0,6.0,2.0,4.0
480,Shikhar Dhawan,2016,2.0,0.0,4.0,0.0,6.0,2.0,4.0
644,Ajinkya Rahane ,2017,0.0,2.0,0.0,4.0,6.0,2.0,4.0
775,Eoin Morgan ,2020,0.0,2.0,0.0,4.0,6.0,2.0,4.0
4,AB de Villiers,2016,3.0,0.0,3.0,0.0,6.0,3.0,3.0
31,Ajinkya Rahane,2016,3.0,0.0,3.0,0.0,6.0,3.0,3.0
50,Andre Russell,2022,3.0,0.0,3.0,0.0,6.0,3.0,3.0
80,Chris Gayle,2011,3.0,0.0,3.0,0.0,6.0,3.0,3.0
111,David Warner,2015,3.0,0.0,3.0,0.0,6.0,3.0,3.0
118,David Warner,2023,3.0,0.0,3.0,0.0,6.0,3.0,3.0
162,Gautam Gambhir,2013,3.0,0.0,3.0,0.0,6.0,3.0,3.0
371,Quinton de Kock,2022,3.0,0.0,3.0,0.0,6.0,3.0,3.0
443,Sanath Jayasuriya,2008,3.0,0.0,3.0,0.0,6.0,3.0,3.0
497,Shreyas Iyer,2019,3.0,0.0,3.0,0.0,6.0,3.0,3.0
572,Virat Kohli,2016,3.0,0.0,3.0,0.0,6.0,3.0,3.0
728,David Miller ,2014,0.0,3.0,0.0,3.0,6.0,3.0,3.0
859,Kane Williamson ,2018,0.0,3.0,0.0,3.0,6.0,3.0,3.0
920,Mandeep Singh ,2013,0.0,3.0,0.0,3.0,6.0,3.0,3.0
1057,Robin Uthappa ,2010,0.0,3.0,0.0,3.0,6.0,3.0,3.0
1146,Shimron Hetmyer ,2022,0.0,3.0,0.0,3.0,6.0,3.0,3.0
1193,Suryakumar Yadav ,2023,0.0,3.0,0.0,3.0,6.0,3.0,3.0
28,Ajinkya Rahane,2013,4.0,0.0,2.0,0.0,6.0,4.0,2.0
109,David Warner,2013,4.0,0.0,2.0,0.0,6.0,4.0,2.0
117,David Warner,2022,4.0,0.0,2.0,0.0,6.0,4.0,2.0
224,KL Rahul,2019,4.0,0.0,2.0,0.0,6.0,4.0,2.0
411,Rohit Sharma,2013,4.0,0.0,2.0,0.0,6.0,4.0,2.0
484,Shikhar Dhawan,2020,4.0,0.0,2.0,0.0,6.0,4.0,2.0
539,Suryakumar Yadav,2018,4.0,0.0,2.0,0.0,6.0,4.0,2.0
900,MS Dhoni ,2008,0.0,4.0,0.0,2.0,6.0,4.0,2.0
1085,Ruturaj Gaikwad ,2023,0.0,4.0,0.0,2.0,6.0,4.0,2.0
1227,Virat Kohli ,2016,0.0,4.0,0.0,2.0,6.0,4.0,2.0
506,Shubman Gill,2023,5.0,0.0,1.0,0.0,6.0,5.0,1.0
901,MS Dhoni ,2009,0.0,5.0,0.0,1.0,6.0,5.0,1.0
1112,Saurabh Tiwary ,2010,0.0,5.0,0.0,1.0,6.0,5.0,1.0
16,Abhishek Sharma,2022,1.0,0.0,4.0,0.0,5.0,1.0,4.0
141,Dwayne Smith,2014,1.0,0.0,4.0,0.0,5.0,1.0,4.0
393,Rishabh Pant,2019,1.0,0.0,4.0,0.0,5.0,1.0,4.0
624,Abhishek Nayar ,2009,0.0,1.0,0.0,4.0,5.0,1.0,4.0
654,Ambati Rayudu ,2013,0.0,1.0,0.0,4.0,5.0,1.0,4.0
659,Ambati Rayudu ,2020,0.0,1.0,0.0,4.0,5.0,1.0,4.0
836,Jean-Paul Duminy ,2015,0.0,1.0,0.0,4.0,5.0,1.0,4.0
1020,Rahul Dravid ,2008,0.0,1.0,0.0,4.0,5.0,1.0,4.0
1040,Ravindra Jadeja ,2009,0.0,1.0,0.0,4.0,5.0,1.0,4.0
1092,Sachin Tendulkar ,2009,0.0,1.0,0.0,4.0,5.0,1.0,4.0
1172,Stuart Binny ,2013,0.0,1.0,0.0,4.0,5.0,1.0,4.0
44,Ambati Rayudu,2018,2.0,0.0,3.0,0.0,5.0,2.0,3.0
99,David Miller,2013,2.0,0.0,3.0,0.0,5.0,2.0,3.0
110,David Warner,2014,2.0,0.0,3.0,0.0,5.0,2.0,3.0
140,Dwayne Smith,2013,2.0,0.0,3.0,0.0,5.0,2.0,3.0
150,Faf du Plessis,2015,2.0,0.0,3.0,0.0,5.0,2.0,3.0
227,KL Rahul,2022,2.0,0.0,3.0,0.0,5.0,2.0,3.0
386,Ravindra Jadeja,2011,2.0,0.0,3.0,0.0,5.0,2.0,3.0
413,Rohit Sharma,2016,2.0,0.0,3.0,0.0,5.0,2.0,3.0
452,Sanju Samson,2023,2.0,0.0,3.0,0.0,5.0,2.0,3.0
478,Shikhar Dhawan,2013,2.0,0.0,3.0,0.0,5.0,2.0,3.0
503,Shubman Gill,2020,2.0,0.0,3.0,0.0,5.0,2.0,3.0
567,Virat Kohli,2011,2.0,0.0,3.0,0.0,5.0,2.0,3.0
571,Virat Kohli,2015,2.0,0.0,3.0,0.0,5.0,2.0,3.0
574,Virat Kohli,2018,2.0,0.0,3.0,0.0,5.0,2.0,3.0
580,Virender Sehwag,2008,2.0,0.0,3.0,0.0,5.0,2.0,3.0
617,AB de Villiers ,2020,0.0,2.0,0.0,3.0,5.0,2.0,3.0
637,Aiden Markram ,2022,0.0,2.0,0.0,3.0,5.0,2.0,3.0
645,Ajinkya Rahane ,2018,0.0,2.0,0.0,3.0,5.0,2.0,3.0
668,Andre Russell ,2023,0.0,2.0,0.0,3.0,5.0,2.0,3.0
749,Deepak Hooda ,2022,0.0,2.0,0.0,3.0,5.0,2.0,3.0
752,Devdutt Padikkal ,2022,0.0,2.0,0.0,3.0,5.0,2.0,3.0
786,Gautam Gambhir ,2008,0.0,2.0,0.0,3.0,5.0,2.0,3.0
853,KL Rahul ,2020,0.0,2.0,0.0,3.0,5.0,2.0,3.0
871,Kevin Pietersen ,2012,0.0,2.0,0.0,3.0,5.0,2.0,3.0
963,Mithun Manhas ,2010,0.0,2.0,0.0,3.0,5.0,2.0,3.0
965,Moeen Ali ,2019,0.0,2.0,0.0,3.0,5.0,2.0,3.0
1055,Robin Uthappa ,2008,0.0,2.0,0.0,3.0,5.0,2.0,3.0
1113,Saurabh Tiwary ,2012,0.0,2.0,0.0,3.0,5.0,2.0,3.0
1135,Shikhar Dhawan ,2014,0.0,2.0,0.0,3.0,5.0,2.0,3.0
1136,Shikhar Dhawan ,2015,0.0,2.0,0.0,3.0,5.0,2.0,3.0
1223,Virat Kohli ,2012,0.0,2.0,0.0,3.0,5.0,2.0,3.0
1226,Virat Kohli ,2015,0.0,2.0,0.0,3.0,5.0,2.0,3.0
1254,Yusuf Pathan ,2008,0.0,2.0,0.0,3.0,5.0,2.0,3.0
41,Ambati Rayudu,2011,3.0,0.0,2.0,0.0,5.0,3.0,2.0
97,David Hussey,2012,3.0,0.0,2.0,0.0,5.0,3.0,2.0
114,David Warner,2019,3.0,0.0,2.0,0.0,5.0,3.0,2.0
123,Devdutt Padikkal,2021,3.0,0.0,2.0,0.0,5.0,3.0,2.0
165,Gautam Gambhir,2016,3.0,0.0,2.0,0.0,5.0,3.0,2.0
173,Glenn Maxwell,2021,3.0,0.0,2.0,0.0,5.0,3.0,2.0
176,Graeme Smith,2008,3.0,0.0,2.0,0.0,5.0,3.0,2.0
193,Jacques Kallis,2011,3.0,0.0,2.0,0.0,5.0,3.0,2.0
225,KL Rahul,2020,3.0,0.0,2.0,0.0,5.0,3.0,2.0
332,Murali Vijay,2016,3.0,0.0,2.0,0.0,5.0,3.0,2.0
368,Quinton de Kock,2019,3.0,0.0,2.0,0.0,5.0,3.0,2.0
374,Rahul Dravid,2010,3.0,0.0,2.0,0.0,5.0,3.0,2.0
434,Sachin Tendulkar,2011,3.0,0.0,2.0,0.0,5.0,3.0,2.0
469,Shaun Marsh,2011,3.0,0.0,2.0,0.0,5.0,3.0,2.0
482,Shikhar Dhawan,2018,3.0,0.0,2.0,0.0,5.0,3.0,2.0
494,Shreyas Iyer,2015,3.0,0.0,2.0,0.0,5.0,3.0,2.0
504,Shubman Gill,2021,3.0,0.0,2.0,0.0,5.0,3.0,2.0
505,Shubman Gill,2022,3.0,0.0,2.0,0.0,5.0,3.0,2.0
520,Steven Smith,2017,3.0,0.0,2.0,0.0,5.0,3.0,2.0
533,Suresh Raina,2014,3.0,0.0,2.0,0.0,5.0,3.0,2.0
569,Virat Kohli,2013,3.0,0.0,2.0,0.0,5.0,3.0,2.0
575,Virat Kohli,2019,3.0,0.0,2.0,0.0,5.0,3.0,2.0
613,AB de Villiers ,2014,0.0,3.0,0.0,2.0,5.0,3.0,2.0
740,David Warner ,2019,0.0,3.0,0.0,2.0,5.0,3.0,2.0
741,David Warner ,2020,0.0,3.0,0.0,2.0,5.0,3.0,2.0
783,Faf du Plessis ,2021,0.0,3.0,0.0,2.0,5.0,3.0,2.0
816,Irfan Pathan ,2009,0.0,3.0,0.0,2.0,5.0,3.0,2.0
885,Krunal Pandya ,2018,0.0,3.0,0.0,2.0,5.0,3.0,2.0
933,Manoj Tiwary ,2011,0.0,3.0,0.0,2.0,5.0,3.0,2.0
954,Michael Hussey ,2011,0.0,3.0,0.0,2.0,5.0,3.0,2.0
956,Michael Hussey ,2013,0.0,3.0,0.0,2.0,5.0,3.0,2.0
1021,Rahul Dravid ,2009,0.0,3.0,0.0,2.0,5.0,3.0,2.0
1024,Rahul Dravid ,2013,0.0,3.0,0.0,2.0,5.0,3.0,2.0
1049,Rishabh Pant ,2020,0.0,3.0,0.0,2.0,5.0,3.0,2.0
1140,Shikhar Dhawan ,2019,0.0,3.0,0.0,2.0,5.0,3.0,2.0
1187,Suresh Raina ,2019,0.0,3.0,0.0,2.0,5.0,3.0,2.0
1221,Virat Kohli ,2010,0.0,3.0,0.0,2.0,5.0,3.0,2.0
1224,Virat Kohli ,2013,0.0,3.0,0.0,2.0,5.0,3.0,2.0
0,AB de Villiers,2009,4.0,0.0,1.0,0.0,5.0,4.0,1.0
30,Ajinkya Rahane,2015,4.0,0.0,1.0,0.0,5.0,4.0,1.0
125,Devon Conway,2023,4.0,0.0,1.0,0.0,5.0,4.0,1.0
153,Faf du Plessis,2021,4.0,0.0,1.0,0.0,5.0,4.0,1.0
160,Gautam Gambhir,2011,4.0,0.0,1.0,0.0,5.0,4.0,1.0
527,Suresh Raina,2008,4.0,0.0,1.0,0.0,5.0,4.0,1.0
576,Virat Kohli,2020,4.0,0.0,1.0,0.0,5.0,4.0,1.0
686,Azhar Mahmood ,2012,0.0,4.0,0.0,1.0,5.0,4.0,1.0
905,MS Dhoni ,2015,0.0,4.0,0.0,1.0,5.0,4.0,1.0
998,Parthiv Patel ,2008,0.0,4.0,0.0,1.0,5.0,4.0,1.0
1130,Shikhar Dhawan ,2008,0.0,5.0,0.0,0.0,5.0,5.0,0.0
1314,Devdutt Padikkal,2020,0.0,0.0,4.0,0.0,4.0,0.0,4.0
1339,Hardik Pandya,2022,0.0,0.0,4.0,0.0,4.0,0.0,4.0
1344,Ishan Kishan,2020,0.0,0.0,4.0,0.0,4.0,0.0,4.0
1383,Mandeep Singh,2012,0.0,0.0,4.0,0.0,4.0,0.0,4.0
1423,Rahul Dravid,2013,0.0,0.0,4.0,0.0,4.0,0.0,4.0
1718,S Badrinath ,2010,0.0,0.0,0.0,4.0,4.0,0.0,4.0
1758,Suryakumar Yadav ,2020,0.0,0.0,0.0,4.0,4.0,0.0,4.0
11,Aaron Finch,2016,1.0,0.0,3.0,0.0,4.0,1.0,3.0
49,Andre Russell,2019,1.0,0.0,3.0,0.0,4.0,1.0,3.0
59,Ben Stokes,2017,1.0,0.0,3.0,0.0,4.0,1.0,3.0
65,Brad Hodge,2009,1.0,0.0,3.0,0.0,4.0,1.0,3.0
83,Chris Gayle,2015,1.0,0.0,3.0,0.0,4.0,1.0,3.0
90,Chris Lynn,2019,1.0,0.0,3.0,0.0,4.0,1.0,3.0
107,David Warner,2011,1.0,0.0,3.0,0.0,4.0,1.0,3.0
129,Dinesh Karthik,2009,1.0,0.0,3.0,0.0,4.0,1.0,3.0
152,Faf du Plessis,2020,1.0,0.0,3.0,0.0,4.0,1.0,3.0
154,Faf du Plessis,2022,1.0,0.0,3.0,0.0,4.0,1.0,3.0
155,Faf du Plessis,2023,1.0,0.0,3.0,0.0,4.0,1.0,3.0
281,Mahela Jayawardene,2010,1.0,0.0,3.0,0.0,4.0,1.0,3.0
354,Parthiv Patel,2019,1.0,0.0,3.0,0.0,4.0,1.0,3.0
429,S Badrinath,2011,1.0,0.0,3.0,0.0,4.0,1.0,3.0
448,Sanju Samson,2018,1.0,0.0,3.0,0.0,4.0,1.0,3.0
529,Suresh Raina,2010,1.0,0.0,3.0,0.0,4.0,1.0,3.0
543,Suryakumar Yadav,2022,1.0,0.0,3.0,0.0,4.0,1.0,3.0
591,Wriddhiman Saha,2014,1.0,0.0,3.0,0.0,4.0,1.0,3.0
600,Yusuf Pathan,2008,1.0,0.0,3.0,0.0,4.0,1.0,3.0
601,Yusuf Pathan,2010,1.0,0.0,3.0,0.0,4.0,1.0,3.0
611,AB de Villiers ,2012,0.0,1.0,0.0,3.0,4.0,1.0,3.0
612,AB de Villiers ,2013,0.0,1.0,0.0,3.0,4.0,1.0,3.0
631,Adam Gilchrist ,2011,0.0,1.0,0.0,3.0,4.0,1.0,3.0
671,Andrew Symonds ,2010,0.0,1.0,0.0,3.0,4.0,1.0,3.0
732,David Miller ,2022,0.0,1.0,0.0,3.0,4.0,1.0,3.0
739,David Warner ,2017,0.0,1.0,0.0,3.0,4.0,1.0,3.0
742,David Warner ,2021,0.0,1.0,0.0,3.0,4.0,1.0,3.0
830,James Franklin ,2012,0.0,1.0,0.0,3.0,4.0,1.0,3.0
850,KL Rahul ,2016,0.0,1.0,0.0,3.0,4.0,1.0,3.0
915,Mahela Jayawardene ,2013,0.0,1.0,0.0,3.0,4.0,1.0,3.0
990,Nicholas Pooran ,2023,0.0,1.0,0.0,3.0,4.0,1.0,3.0
1034,Rajat Patidar ,2022,0.0,1.0,0.0,3.0,4.0,1.0,3.0
1041,Ravindra Jadeja ,2013,0.0,1.0,0.0,3.0,4.0,1.0,3.0
1050,Rishabh Pant ,2021,0.0,1.0,0.0,3.0,4.0,1.0,3.0
1063,Robin Uthappa ,2016,0.0,1.0,0.0,3.0,4.0,1.0,3.0
1191,Suryakumar Yadav ,2019,0.0,1.0,0.0,3.0,4.0,1.0,3.0
1222,Virat Kohli ,2011,0.0,1.0,0.0,3.0,4.0,1.0,3.0
1225,Virat Kohli ,2014,0.0,1.0,0.0,3.0,4.0,1.0,3.0
1258,Yusuf Pathan ,2014,0.0,1.0,0.0,3.0,4.0,1.0,3.0
27,Ajinkya Rahane,2012,2.0,0.0,2.0,0.0,4.0,2.0,2.0
42,Ambati Rayudu,2014,2.0,0.0,2.0,0.0,4.0,2.0,2.0
70,Brendon McCullum,2011,2.0,0.0,2.0,0.0,4.0,2.0,2.0
96,David Hussey,2008,2.0,0.0,2.0,0.0,4.0,2.0,2.0
115,David Warner,2020,2.0,0.0,2.0,0.0,4.0,2.0,2.0
151,Faf du Plessis,2019,2.0,0.0,2.0,0.0,4.0,2.0,2.0
170,Glenn Maxwell,2014,2.0,0.0,2.0,0.0,4.0,2.0,2.0
189,Ishan Kishan,2022,2.0,0.0,2.0,0.0,4.0,2.0,2.0
204,Jean-Paul Duminy,2014,2.0,0.0,2.0,0.0,4.0,2.0,2.0
234,Karun Nair,2014,2.0,0.0,2.0,0.0,4.0,2.0,2.0
256,Kumar Sangakkara,2009,2.0,0.0,2.0,0.0,4.0,2.0,2.0
294,Manish Pandey,2017,2.0,0.0,2.0,0.0,4.0,2.0,2.0
297,Manish Pandey,2021,2.0,0.0,2.0,0.0,4.0,2.0,2.0
346,Nitish Rana,2023,2.0,0.0,2.0,0.0,4.0,2.0,2.0
365,Prithvi Shaw,2021,2.0,0.0,2.0,0.0,4.0,2.0,2.0
376,Rahul Dravid,2012,2.0,0.0,2.0,0.0,4.0,2.0,2.0
391,Rishabh Pant,2017,2.0,0.0,2.0,0.0,4.0,2.0,2.0
400,Robin Uthappa,2013,2.0,0.0,2.0,0.0,4.0,2.0,2.0
404,Robin Uthappa,2017,2.0,0.0,2.0,0.0,4.0,2.0,2.0
408,Rohit Sharma,2010,2.0,0.0,2.0,0.0,4.0,2.0,2.0
412,Rohit Sharma,2014,2.0,0.0,2.0,0.0,4.0,2.0,2.0
458,Shane Watson,2008,2.0,0.0,2.0,0.0,4.0,2.0,2.0
465,Shane Watson,2019,2.0,0.0,2.0,0.0,4.0,2.0,2.0
470,Shaun Marsh,2012,2.0,0.0,2.0,0.0,4.0,2.0,2.0
509,Sourav Ganguly,2008,2.0,0.0,2.0,0.0,4.0,2.0,2.0
526,Sunny Sohal,2011,2.0,0.0,2.0,0.0,4.0,2.0,2.0
586,Virender Sehwag,2014,2.0,0.0,2.0,0.0,4.0,2.0,2.0
597,Yashasvi Jaiswal,2022,2.0,0.0,2.0,0.0,4.0,2.0,2.0
598,Yashasvi Jaiswal,2023,2.0,0.0,2.0,0.0,4.0,2.0,2.0
602,Yusuf Pathan,2013,2.0,0.0,2.0,0.0,4.0,2.0,2.0
605,Yusuf Pathan,2016,2.0,0.0,2.0,0.0,4.0,2.0,2.0
606,Yuvraj Singh,2009,2.0,0.0,2.0,0.0,4.0,2.0,2.0
607,Yuvraj Singh,2014,2.0,0.0,2.0,0.0,4.0,2.0,2.0
608,Yuvraj Singh,2017,2.0,0.0,2.0,0.0,4.0,2.0,2.0
614,AB de Villiers ,2015,0.0,2.0,0.0,2.0,4.0,2.0,2.0
639,Ajinkya Rahane ,2012,0.0,2.0,0.0,2.0,4.0,2.0,2.0
653,Ambati Rayudu ,2012,0.0,2.0,0.0,2.0,4.0,2.0,2.0
678,Ashok Menaria ,2012,0.0,2.0,0.0,2.0,4.0,2.0,2.0
767,Dwayne Bravo ,2012,0.0,2.0,0.0,2.0,4.0,2.0,2.0
773,Eoin Morgan ,2013,0.0,2.0,0.0,2.0,4.0,2.0,2.0
800,Graeme Smith ,2008,0.0,2.0,0.0,2.0,4.0,2.0,2.0
818,Irfan Pathan ,2013,0.0,2.0,0.0,2.0,4.0,2.0,2.0
866,Karun Nair ,2017,0.0,2.0,0.0,2.0,4.0,2.0,2.0
890,Kumar Sangakkara ,2010,0.0,2.0,0.0,2.0,4.0,2.0,2.0
909,MS Dhoni ,2019,0.0,2.0,0.0,2.0,4.0,2.0,2.0
919,Mandeep Singh ,2012,0.0,2.0,0.0,2.0,4.0,2.0,2.0
950,Mayank Agarwal ,2019,0.0,2.0,0.0,2.0,4.0,2.0,2.0
973,Murali Vijay ,2010,0.0,2.0,0.0,2.0,4.0,2.0,2.0
1011,Prithvi Shaw ,2021,0.0,2.0,0.0,2.0,4.0,2.0,2.0
1016,Quinton de Kock ,2019,0.0,2.0,0.0,2.0,4.0,2.0,2.0
1017,Quinton de Kock ,2020,0.0,2.0,0.0,2.0,4.0,2.0,2.0
1018,Quinton de Kock ,2021,0.0,2.0,0.0,2.0,4.0,2.0,2.0
1030,Rahul Tripathi ,2021,0.0,2.0,0.0,2.0,4.0,2.0,2.0
1045,Rinku Singh ,2023,0.0,2.0,0.0,2.0,4.0,2.0,2.0
1061,Robin Uthappa ,2014,0.0,2.0,0.0,2.0,4.0,2.0,2.0
1074,Rohit Sharma ,2015,0.0,2.0,0.0,2.0,4.0,2.0,2.0
1109,Sanju Samson ,2022,0.0,2.0,0.0,2.0,4.0,2.0,2.0
1117,Shane Watson ,2011,0.0,2.0,0.0,2.0,4.0,2.0,2.0
1123,Shane Watson ,2018,0.0,2.0,0.0,2.0,4.0,2.0,2.0
1152,Shreyas Iyer ,2020,0.0,2.0,0.0,2.0,4.0,2.0,2.0
1157,Shubman Gill ,2021,0.0,2.0,0.0,2.0,4.0,2.0,2.0
1162,Sourav Ganguly ,2008,0.0,2.0,0.0,2.0,4.0,2.0,2.0
1163,Sourav Ganguly ,2010,0.0,2.0,0.0,2.0,4.0,2.0,2.0
1186,Suresh Raina ,2018,0.0,2.0,0.0,2.0,4.0,2.0,2.0
1207,Usman Khawaja ,2016,0.0,2.0,0.0,2.0,4.0,2.0,2.0
1210,Venkatesh Iyer ,2021,0.0,2.0,0.0,2.0,4.0,2.0,2.0
1248,Wriddhiman Saha ,2023,0.0,2.0,0.0,2.0,4.0,2.0,2.0
8,AB de Villiers,2020,3.0,0.0,1.0,0.0,4.0,3.0,1.0
67,Brad Hodge,2012,3.0,0.0,1.0,0.0,4.0,3.0,1.0
72,Brendon McCullum,2015,3.0,0.0,1.0,0.0,4.0,3.0,1.0
85,Chris Gayle,2018,3.0,0.0,1.0,0.0,4.0,3.0,1.0
133,Dinesh Karthik,2014,3.0,0.0,1.0,0.0,4.0,3.0,1.0
184,Hashim Amla,2017,3.0,0.0,1.0,0.0,4.0,3.0,1.0
190,Ishan Kishan,2023,3.0,0.0,1.0,0.0,4.0,3.0,1.0
209,Johan Botha,2011,3.0,0.0,1.0,0.0,4.0,3.0,1.0
210,Jonny Bairstow,2019,3.0,0.0,1.0,0.0,4.0,3.0,1.0
337,Nicholas Pooran,2020,3.0,0.0,1.0,0.0,4.0,3.0,1.0
340,Nitish Rana,2017,3.0,0.0,1.0,0.0,4.0,3.0,1.0
359,Paul Valthaty,2011,3.0,0.0,1.0,0.0,4.0,3.0,1.0
381,Rahul Tripathi,2022,3.0,0.0,1.0,0.0,4.0,3.0,1.0
498,Shreyas Iyer,2020,3.0,0.0,1.0,0.0,4.0,3.0,1.0
531,Suresh Raina,2012,3.0,0.0,1.0,0.0,4.0,3.0,1.0
579,Virat Kohli,2023,3.0,0.0,1.0,0.0,4.0,3.0,1.0
583,Virender Sehwag,2011,3.0,0.0,1.0,0.0,4.0,3.0,1.0
697,Brendon McCullum ,2012,0.0,3.0,0.0,1.0,4.0,3.0,1.0
698,Brendon McCullum ,2016,0.0,3.0,0.0,1.0,4.0,3.0,1.0
736,David Warner ,2014,0.0,3.0,0.0,1.0,4.0,3.0,1.0
776,Evin Lewis ,2018,0.0,3.0,0.0,1.0,4.0,3.0,1.0
785,Faf du Plessis ,2023,0.0,3.0,0.0,1.0,4.0,3.0,1.0
812,Heinrich Klaasen ,2023,0.0,3.0,0.0,1.0,4.0,3.0,1.0
872,Kevin Pietersen ,2014,0.0,3.0,0.0,1.0,4.0,3.0,1.0
877,Kieron Pollard ,2015,0.0,3.0,0.0,1.0,4.0,3.0,1.0
889,Kumar Sangakkara ,2008,0.0,3.0,0.0,1.0,4.0,3.0,1.0
902,MS Dhoni ,2010,0.0,3.0,0.0,1.0,4.0,3.0,1.0
917,Manan Vohra ,2014,0.0,3.0,0.0,1.0,4.0,3.0,1.0
955,Michael Hussey ,2012,0.0,3.0,0.0,1.0,4.0,3.0,1.0
970,Moises Henriques ,2017,0.0,3.0,0.0,1.0,4.0,3.0,1.0
1000,Parthiv Patel ,2017,0.0,3.0,0.0,1.0,4.0,3.0,1.0
1075,Rohit Sharma ,2017,0.0,3.0,0.0,1.0,4.0,3.0,1.0
1102,Sanju Samson ,2014,0.0,3.0,0.0,1.0,4.0,3.0,1.0
1105,Sanju Samson ,2018,0.0,3.0,0.0,1.0,4.0,3.0,1.0
1119,Shane Watson ,2013,0.0,3.0,0.0,1.0,4.0,3.0,1.0
1121,Shane Watson ,2015,0.0,3.0,0.0,1.0,4.0,3.0,1.0
1133,Shikhar Dhawan ,2012,0.0,3.0,0.0,1.0,4.0,3.0,1.0
1137,Shikhar Dhawan ,2016,0.0,3.0,0.0,1.0,4.0,3.0,1.0
1180,Suresh Raina ,2011,0.0,3.0,0.0,1.0,4.0,3.0,1.0
1231,Virat Kohli ,2021,0.0,3.0,0.0,1.0,4.0,3.0,1.0
1255,Yusuf Pathan ,2011,0.0,3.0,0.0,1.0,4.0,3.0,1.0
149,Faf du Plessis,2012,4.0,0.0,0.0,0.0,4.0,4.0,0.0
157,Gautam Gambhir,2008,4.0,0.0,0.0,0.0,4.0,4.0,0.0
191,Jacques Kallis,2009,4.0,0.0,0.0,0.0,4.0,4.0,0.0
273,MS Dhoni,2013,4.0,0.0,0.0,0.0,4.0,4.0,0.0
808,Hardik Pandya ,2022,0.0,4.0,0.0,0.0,4.0,4.0,0.0
925,Manish Pandey ,2016,0.0,4.0,0.0,0.0,4.0,4.0,0.0
1266,AB de Villiers,2011,0.0,0.0,3.0,0.0,3.0,0.0,3.0
1272,Abhishek Sharma,2023,0.0,0.0,3.0,0.0,3.0,0.0,3.0
1294,Ashok Menaria,2011,0.0,0.0,3.0,0.0,3.0,0.0,3.0
1295,Axar Patel,2017,0.0,0.0,3.0,0.0,3.0,0.0,3.0
1357,Jos Buttler,2020,0.0,0.0,3.0,0.0,3.0,0.0,3.0
1386,Manish Pandey,2019,0.0,0.0,3.0,0.0,3.0,0.0,3.0
1394,Mark Boucher,2008,0.0,0.0,3.0,0.0,3.0,0.0,3.0
1402,Mitchell Marsh,2022,0.0,0.0,3.0,0.0,3.0,0.0,3.0
1412,Owais Shah,2012,0.0,0.0,3.0,0.0,3.0,0.0,3.0
1425,Rahul Tripathi,2017,0.0,0.0,3.0,0.0,3.0,0.0,3.0
1427,Rahul Tripathi,2021,0.0,0.0,3.0,0.0,3.0,0.0,3.0
1445,Rohit Sharma,2008,0.0,0.0,3.0,0.0,3.0,0.0,3.0
1447,Rohit Sharma,2020,0.0,0.0,3.0,0.0,3.0,0.0,3.0
1448,Rohit Sharma,2021,0.0,0.0,3.0,0.0,3.0,0.0,3.0
1513,Ajinkya Rahane ,2019,0.0,0.0,0.0,3.0,3.0,0.0,3.0
1546,Cameron White ,2013,0.0,0.0,0.0,3.0,3.0,0.0,3.0
1553,Chris Lynn ,2017,0.0,0.0,0.0,3.0,3.0,0.0,3.0
1582,Dinesh Karthik ,2022,0.0,0.0,0.0,3.0,3.0,0.0,3.0
1591,Gautam Gambhir ,2012,0.0,0.0,0.0,3.0,3.0,0.0,3.0
1609,Jacques Kallis ,2012,0.0,0.0,0.0,3.0,3.0,0.0,3.0
1617,Jos Buttler ,2016,0.0,0.0,0.0,3.0,3.0,0.0,3.0
1637,MS Dhoni ,2013,0.0,0.0,0.0,3.0,3.0,0.0,3.0
1655,Mayank Agarwal ,2011,0.0,0.0,0.0,3.0,3.0,0.0,3.0
1706,Rishabh Pant ,2018,0.0,0.0,0.0,3.0,3.0,0.0,3.0
1710,Robin Uthappa ,2018,0.0,0.0,0.0,3.0,3.0,0.0,3.0
1714,Rohit Sharma ,2022,0.0,0.0,0.0,3.0,3.0,0.0,3.0
1760,Tilak Varma ,2022,0.0,0.0,0.0,3.0,3.0,0.0,3.0
3,AB de Villiers,2015,1.0,0.0,2.0,0.0,3.0,1.0,2.0
5,AB de Villiers,2017,1.0,0.0,2.0,0.0,3.0,1.0,2.0
29,Ajinkya Rahane,2014,1.0,0.0,2.0,0.0,3.0,1.0,2.0
47,Ambati Rayudu,2022,1.0,0.0,2.0,0.0,3.0,1.0,2.0
48,Andre Russell,2015,1.0,0.0,2.0,0.0,3.0,1.0,2.0
52,Andrew Symonds,2010,1.0,0.0,2.0,0.0,3.0,1.0,2.0
61,Ben Stokes,2020,1.0,0.0,2.0,0.0,3.0,1.0,2.0
74,Cameron Green,2023,1.0,0.0,2.0,0.0,3.0,1.0,2.0
79,Chris Gayle,2010,1.0,0.0,2.0,0.0,3.0,1.0,2.0
86,Chris Gayle,2019,1.0,0.0,2.0,0.0,3.0,1.0,2.0
88,Chris Lynn,2017,1.0,0.0,2.0,0.0,3.0,1.0,2.0
101,David Miller,2015,1.0,0.0,2.0,0.0,3.0,1.0,2.0
132,Dinesh Karthik,2013,1.0,0.0,2.0,0.0,3.0,1.0,2.0
138,Dwayne Bravo,2008,1.0,0.0,2.0,0.0,3.0,1.0,2.0
139,Dwayne Bravo,2012,1.0,0.0,2.0,0.0,3.0,1.0,2.0
147,Evin Lewis,2018,1.0,0.0,2.0,0.0,3.0,1.0,2.0
159,Gautam Gambhir,2010,1.0,0.0,2.0,0.0,3.0,1.0,2.0
163,Gautam Gambhir,2014,1.0,0.0,2.0,0.0,3.0,1.0,2.0
186,Herschelle Gibbs,2009,1.0,0.0,2.0,0.0,3.0,1.0,2.0
202,Jason Roy,2023,1.0,0.0,2.0,0.0,3.0,1.0,2.0
212,Jonny Bairstow,2021,1.0,0.0,2.0,0.0,3.0,1.0,2.0
214,Jos Buttler,2017,1.0,0.0,2.0,0.0,3.0,1.0,2.0
226,KL Rahul,2021,1.0,0.0,2.0,0.0,3.0,1.0,2.0
231,Kane Williamson,2020,1.0,0.0,2.0,0.0,3.0,1.0,2.0
244,Kieron Pollard,2013,1.0,0.0,2.0,0.0,3.0,1.0,2.0
259,Kyle Mayers,2023,1.0,0.0,2.0,0.0,3.0,1.0,2.0
265,Lendl Simmons,2014,1.0,0.0,2.0,0.0,3.0,1.0,2.0
278,MS Dhoni,2019,1.0,0.0,2.0,0.0,3.0,1.0,2.0
285,Manan Vohra,2013,1.0,0.0,2.0,0.0,3.0,1.0,2.0
296,Manish Pandey,2020,1.0,0.0,2.0,0.0,3.0,1.0,2.0
309,Matthew Hayden,2010,1.0,0.0,2.0,0.0,3.0,1.0,2.0
326,Moises Henriques,2015,1.0,0.0,2.0,0.0,3.0,1.0,2.0
328,Murali Vijay,2011,1.0,0.0,2.0,0.0,3.0,1.0,2.0
334,Naman Ojha,2010,1.0,0.0,2.0,0.0,3.0,1.0,2.0
343,Nitish Rana,2020,1.0,0.0,2.0,0.0,3.0,1.0,2.0
345,Nitish Rana,2022,1.0,0.0,2.0,0.0,3.0,1.0,2.0
362,Prabhsimran Singh,2023,1.0,0.0,2.0,0.0,3.0,1.0,2.0
373,Rahul Dravid,2008,1.0,0.0,2.0,0.0,3.0,1.0,2.0
382,Rahul Tripathi,2023,1.0,0.0,2.0,0.0,3.0,1.0,2.0
402,Robin Uthappa,2015,1.0,0.0,2.0,0.0,3.0,1.0,2.0
403,Robin Uthappa,2016,1.0,0.0,2.0,0.0,3.0,1.0,2.0
416,Rohit Sharma,2019,1.0,0.0,2.0,0.0,3.0,1.0,2.0
424,Ruturaj Gaikwad,2022,1.0,0.0,2.0,0.0,3.0,1.0,2.0
432,Sachin Tendulkar,2009,1.0,0.0,2.0,0.0,3.0,1.0,2.0
447,Sanju Samson,2017,1.0,0.0,2.0,0.0,3.0,1.0,2.0
449,Sanju Samson,2019,1.0,0.0,2.0,0.0,3.0,1.0,2.0
456,Saurabh Tiwary,2021,1.0,0.0,2.0,0.0,3.0,1.0,2.0
495,Shreyas Iyer,2017,1.0,0.0,2.0,0.0,3.0,1.0,2.0
514,Stephen Fleming,2008,1.0,0.0,2.0,0.0,3.0,1.0,2.0
515,Steven Smith,2012,1.0,0.0,2.0,0.0,3.0,1.0,2.0
532,Suresh Raina,2013,1.0,0.0,2.0,0.0,3.0,1.0,2.0
551,Tillakaratne Dilshan,2009,1.0,0.0,2.0,0.0,3.0,1.0,2.0
553,Tillakaratne Dilshan,2012,1.0,0.0,2.0,0.0,3.0,1.0,2.0
559,Venkatesh Iyer,2023,1.0,0.0,2.0,0.0,3.0,1.0,2.0
570,Virat Kohli,2014,1.0,0.0,2.0,0.0,3.0,1.0,2.0
573,Virat Kohli,2017,1.0,0.0,2.0,0.0,3.0,1.0,2.0
582,Virender Sehwag,2010,1.0,0.0,2.0,0.0,3.0,1.0,2.0
593,Wriddhiman Saha,2016,1.0,0.0,2.0,0.0,3.0,1.0,2.0
604,Yusuf Pathan,2015,1.0,0.0,2.0,0.0,3.0,1.0,2.0
615,AB de Villiers ,2016,0.0,1.0,0.0,2.0,3.0,1.0,2.0
632,Adam Gilchrist ,2012,0.0,1.0,0.0,2.0,3.0,1.0,2.0
638,Aiden Markram ,2023,0.0,1.0,0.0,2.0,3.0,1.0,2.0
651,Ambati Rayudu ,2010,0.0,1.0,0.0,2.0,3.0,1.0,2.0
658,Ambati Rayudu ,2019,0.0,1.0,0.0,2.0,3.0,1.0,2.0
685,Axar Patel ,2023,0.0,1.0,0.0,2.0,3.0,1.0,2.0
717,Corey Anderson ,2014,0.0,1.0,0.0,2.0,3.0,1.0,2.0
723,David Hussey ,2008,0.0,1.0,0.0,2.0,3.0,1.0,2.0
729,David Miller ,2017,0.0,1.0,0.0,2.0,3.0,1.0,2.0
733,David Miller ,2023,0.0,1.0,0.0,2.0,3.0,1.0,2.0
738,David Warner ,2016,0.0,1.0,0.0,2.0,3.0,1.0,2.0
761,Dinesh Karthik ,2014,0.0,1.0,0.0,2.0,3.0,1.0,2.0
771,Dwayne Smith ,2015,0.0,1.0,0.0,2.0,3.0,1.0,2.0
789,Gautam Gambhir ,2011,0.0,1.0,0.0,2.0,3.0,1.0,2.0
792,Gautam Gambhir ,2017,0.0,1.0,0.0,2.0,3.0,1.0,2.0
802,Gurkeerat Singh Mann ,2016,0.0,1.0,0.0,2.0,3.0,1.0,2.0
848,Jos Buttler ,2023,0.0,1.0,0.0,2.0,3.0,1.0,2.0
852,KL Rahul ,2019,0.0,1.0,0.0,2.0,3.0,1.0,2.0
874,Kieron Pollard ,2011,0.0,1.0,0.0,2.0,3.0,1.0,2.0
875,Kieron Pollard ,2012,0.0,1.0,0.0,2.0,3.0,1.0,2.0
880,Kieron Pollard ,2020,0.0,1.0,0.0,2.0,3.0,1.0,2.0
883,Krunal Pandya ,2016,0.0,1.0,0.0,2.0,3.0,1.0,2.0
884,Krunal Pandya ,2017,0.0,1.0,0.0,2.0,3.0,1.0,2.0
895,Lendl Simmons ,2015,0.0,1.0,0.0,2.0,3.0,1.0,2.0
896,Liam Livingstone ,2019,0.0,1.0,0.0,2.0,3.0,1.0,2.0
898,Luke Pomersbach ,2008,0.0,1.0,0.0,2.0,3.0,1.0,2.0
911,MS Dhoni ,2022,0.0,1.0,0.0,2.0,3.0,1.0,2.0
941,Marcus Stoinis ,2019,0.0,1.0,0.0,2.0,3.0,1.0,2.0
969,Moises Henriques ,2016,0.0,1.0,0.0,2.0,3.0,1.0,2.0
996,Nitish Rana ,2023,0.0,1.0,0.0,2.0,3.0,1.0,2.0
1002,Paul Valthaty ,2011,0.0,1.0,0.0,2.0,3.0,1.0,2.0
1007,Piyush Chawla ,2011,0.0,1.0,0.0,2.0,3.0,1.0,2.0
1012,Prithvi Shaw ,2022,0.0,1.0,0.0,2.0,3.0,1.0,2.0
1023,Rahul Dravid ,2012,0.0,1.0,0.0,2.0,3.0,1.0,2.0
1026,Rahul Tewatia ,2020,0.0,1.0,0.0,2.0,3.0,1.0,2.0
1046,Rishabh Pant ,2016,0.0,1.0,0.0,2.0,3.0,1.0,2.0
1051,Rishabh Pant ,2022,0.0,1.0,0.0,2.0,3.0,1.0,2.0
1072,Rohit Sharma ,2013,0.0,1.0,0.0,2.0,3.0,1.0,2.0
1078,Rohit Sharma ,2021,0.0,1.0,0.0,2.0,3.0,1.0,2.0
1086,Ryan ten Doeschate ,2013,0.0,1.0,0.0,2.0,3.0,1.0,2.0
1103,Sanju Samson ,2016,0.0,1.0,0.0,2.0,3.0,1.0,2.0
1104,Sanju Samson ,2017,0.0,1.0,0.0,2.0,3.0,1.0,2.0
1132,Shikhar Dhawan ,2011,0.0,1.0,0.0,2.0,3.0,1.0,2.0
1147,Shimron Hetmyer ,2023,0.0,1.0,0.0,2.0,3.0,1.0,2.0
1150,Shreyas Iyer ,2018,0.0,1.0,0.0,2.0,3.0,1.0,2.0
1154,Shreyas Iyer ,2022,0.0,1.0,0.0,2.0,3.0,1.0,2.0
1177,Suresh Raina ,2008,0.0,1.0,0.0,2.0,3.0,1.0,2.0
1181,Suresh Raina ,2012,0.0,1.0,0.0,2.0,3.0,1.0,2.0
1183,Suresh Raina ,2014,0.0,1.0,0.0,2.0,3.0,1.0,2.0
1185,Suresh Raina ,2017,0.0,1.0,0.0,2.0,3.0,1.0,2.0
1196,Thisara Perera ,2013,0.0,1.0,0.0,2.0,3.0,1.0,2.0
1213,Venugopal Rao ,2011,0.0,1.0,0.0,2.0,3.0,1.0,2.0
1214,Venugopal Rao ,2012,0.0,1.0,0.0,2.0,3.0,1.0,2.0
1233,Virat Kohli ,2023,0.0,1.0,0.0,2.0,3.0,1.0,2.0
1243,Wriddhiman Saha ,2015,0.0,1.0,0.0,2.0,3.0,1.0,2.0
1259,Yusuf Pathan ,2015,0.0,1.0,0.0,2.0,3.0,1.0,2.0
1261,Yusuf Pathan ,2018,0.0,1.0,0.0,2.0,3.0,1.0,2.0
7,AB de Villiers,2019,2.0,0.0,1.0,0.0,3.0,2.0,1.0
19,Adam Gilchrist,2011,2.0,0.0,1.0,0.0,3.0,2.0,1.0
24,Aiden Markram,2022,2.0,0.0,1.0,0.0,3.0,2.0,1.0
40,Ambati Rayudu,2010,2.0,0.0,1.0,0.0,3.0,2.0,1.0
43,Ambati Rayudu,2015,2.0,0.0,1.0,0.0,3.0,2.0,1.0
68,Brad Hodge,2013,2.0,0.0,1.0,0.0,3.0,2.0,1.0
122,Deepak Hooda,2022,2.0,0.0,1.0,0.0,3.0,2.0,1.0
131,Dinesh Karthik,2012,2.0,0.0,1.0,0.0,3.0,2.0,1.0
142,Dwayne Smith,2015,2.0,0.0,1.0,0.0,3.0,2.0,1.0
164,Gautam Gambhir,2015,2.0,0.0,1.0,0.0,3.0,2.0,1.0
166,Gautam Gambhir,2017,2.0,0.0,1.0,0.0,3.0,2.0,1.0
175,Glenn Maxwell,2023,2.0,0.0,1.0,0.0,3.0,2.0,1.0
195,Jacques Kallis,2013,2.0,0.0,1.0,0.0,3.0,2.0,1.0
211,Jonny Bairstow,2020,2.0,0.0,1.0,0.0,3.0,2.0,1.0
216,Jos Buttler,2019,2.0,0.0,1.0,0.0,3.0,2.0,1.0
219,Jos Buttler,2023,2.0,0.0,1.0,0.0,3.0,2.0,1.0
222,KL Rahul,2016,2.0,0.0,1.0,0.0,3.0,2.0,1.0
235,Karun Nair,2016,2.0,0.0,1.0,0.0,3.0,2.0,1.0
237,Kedar Jadhav,2013,2.0,0.0,1.0,0.0,3.0,2.0,1.0
249,Kieron Pollard,2019,2.0,0.0,1.0,0.0,3.0,2.0,1.0
280,Mahela Jayawardene,2009,2.0,0.0,1.0,0.0,3.0,2.0,1.0
283,Mahela Jayawardene,2012,2.0,0.0,1.0,0.0,3.0,2.0,1.0
291,Manish Pandey,2011,2.0,0.0,1.0,0.0,3.0,2.0,1.0
304,Marcus Stoinis,2020,2.0,0.0,1.0,0.0,3.0,2.0,1.0
327,Murali Vijay,2010,2.0,0.0,1.0,0.0,3.0,2.0,1.0
329,Murali Vijay,2012,2.0,0.0,1.0,0.0,3.0,2.0,1.0
344,Nitish Rana,2021,2.0,0.0,1.0,0.0,3.0,2.0,1.0
350,Parthiv Patel,2013,2.0,0.0,1.0,0.0,3.0,2.0,1.0
353,Parthiv Patel,2017,2.0,0.0,1.0,0.0,3.0,2.0,1.0
395,Rishabh Pant,2022,2.0,0.0,1.0,0.0,3.0,2.0,1.0
399,Robin Uthappa,2012,2.0,0.0,1.0,0.0,3.0,2.0,1.0
406,Roelof van der Merwe,2009,2.0,0.0,1.0,0.0,3.0,2.0,1.0
409,Rohit Sharma,2011,2.0,0.0,1.0,0.0,3.0,2.0,1.0
414,Rohit Sharma,2017,2.0,0.0,1.0,0.0,3.0,2.0,1.0
420,Ross Taylor,2011,2.0,0.0,1.0,0.0,3.0,2.0,1.0
422,Ruturaj Gaikwad,2020,2.0,0.0,1.0,0.0,3.0,2.0,1.0
435,Sachin Tendulkar,2012,2.0,0.0,1.0,0.0,3.0,2.0,1.0
453,Saurabh Tiwary,2010,2.0,0.0,1.0,0.0,3.0,2.0,1.0
460,Shane Watson,2012,2.0,0.0,1.0,0.0,3.0,2.0,1.0
461,Shane Watson,2013,2.0,0.0,1.0,0.0,3.0,2.0,1.0
471,Shaun Marsh,2013,2.0,0.0,1.0,0.0,3.0,2.0,1.0
483,Shikhar Dhawan,2019,2.0,0.0,1.0,0.0,3.0,2.0,1.0
490,Shivam Dube,2022,2.0,0.0,1.0,0.0,3.0,2.0,1.0
491,Shivam Dube,2023,2.0,0.0,1.0,0.0,3.0,2.0,1.0
499,Shreyas Iyer,2021,2.0,0.0,1.0,0.0,3.0,2.0,1.0
500,Shreyas Iyer,2022,2.0,0.0,1.0,0.0,3.0,2.0,1.0
510,Sourav Ganguly,2009,2.0,0.0,1.0,0.0,3.0,2.0,1.0
530,Suresh Raina,2011,2.0,0.0,1.0,0.0,3.0,2.0,1.0
536,Suresh Raina,2018,2.0,0.0,1.0,0.0,3.0,2.0,1.0
549,Tilak Varma,2022,2.0,0.0,1.0,0.0,3.0,2.0,1.0
577,Virat Kohli,2021,2.0,0.0,1.0,0.0,3.0,2.0,1.0
596,Wriddhiman Saha,2022,2.0,0.0,1.0,0.0,3.0,2.0,1.0
616,AB de Villiers ,2019,0.0,2.0,0.0,1.0,3.0,2.0,1.0
642,Ajinkya Rahane ,2015,0.0,2.0,0.0,1.0,3.0,2.0,1.0
655,Ambati Rayudu ,2014,0.0,2.0,0.0,1.0,3.0,2.0,1.0
664,Andre Russell ,2015,0.0,2.0,0.0,1.0,3.0,2.0,1.0
670,Andrew Symonds ,2009,0.0,2.0,0.0,1.0,3.0,2.0,1.0
694,Brad Hodge ,2011,0.0,2.0,0.0,1.0,3.0,2.0,1.0
696,Brendon McCullum ,2011,0.0,2.0,0.0,1.0,3.0,2.0,1.0
699,Brendon McCullum ,2018,0.0,2.0,0.0,1.0,3.0,2.0,1.0
704,Chris Gayle ,2011,0.0,2.0,0.0,1.0,3.0,2.0,1.0
725,David Hussey ,2014,0.0,2.0,0.0,1.0,3.0,2.0,1.0
734,David Warner ,2009,0.0,2.0,0.0,1.0,3.0,2.0,1.0
750,Devdutt Padikkal ,2020,0.0,2.0,0.0,1.0,3.0,2.0,1.0
753,Devon Conway ,2023,0.0,2.0,0.0,1.0,3.0,2.0,1.0
759,Dinesh Karthik ,2012,0.0,2.0,0.0,1.0,3.0,2.0,1.0
784,Faf du Plessis ,2022,0.0,2.0,0.0,1.0,3.0,2.0,1.0
791,Gautam Gambhir ,2016,0.0,2.0,0.0,1.0,3.0,2.0,1.0
796,Glenn Maxwell ,2017,0.0,2.0,0.0,1.0,3.0,2.0,1.0
798,Glenn Maxwell ,2021,0.0,2.0,0.0,1.0,3.0,2.0,1.0
817,Irfan Pathan ,2010,0.0,2.0,0.0,1.0,3.0,2.0,1.0
823,Ishan Kishan ,2020,0.0,2.0,0.0,1.0,3.0,2.0,1.0
828,Jacques Kallis ,2013,0.0,2.0,0.0,1.0,3.0,2.0,1.0
837,Jean-Paul Duminy ,2016,0.0,2.0,0.0,1.0,3.0,2.0,1.0
838,Jesse Ryder ,2011,0.0,2.0,0.0,1.0,3.0,2.0,1.0
843,Jonny Bairstow ,2021,0.0,2.0,0.0,1.0,3.0,2.0,1.0
851,KL Rahul ,2018,0.0,2.0,0.0,1.0,3.0,2.0,1.0
855,KL Rahul ,2022,0.0,2.0,0.0,1.0,3.0,2.0,1.0
858,Kane Williamson ,2017,0.0,2.0,0.0,1.0,3.0,2.0,1.0
862,Karan Goel ,2009,0.0,2.0,0.0,1.0,3.0,2.0,1.0
870,Kevin Pietersen ,2010,0.0,2.0,0.0,1.0,3.0,2.0,1.0
878,Kieron Pollard ,2016,0.0,2.0,0.0,1.0,3.0,2.0,1.0
879,Kieron Pollard ,2017,0.0,2.0,0.0,1.0,3.0,2.0,1.0
892,Kyle Mayers ,2023,0.0,2.0,0.0,1.0,3.0,2.0,1.0
894,Lendl Simmons ,2014,0.0,2.0,0.0,1.0,3.0,2.0,1.0
904,MS Dhoni ,2014,0.0,2.0,0.0,1.0,3.0,2.0,1.0
908,MS Dhoni ,2018,0.0,2.0,0.0,1.0,3.0,2.0,1.0
914,Mahela Jayawardene ,2012,0.0,2.0,0.0,1.0,3.0,2.0,1.0
916,Mahipal Lomror ,2023,0.0,2.0,0.0,1.0,3.0,2.0,1.0
924,Manish Pandey ,2014,0.0,2.0,0.0,1.0,3.0,2.0,1.0
938,Manvinder  Bisla ,2012,0.0,2.0,0.0,1.0,3.0,2.0,1.0
958,Michael Lumb ,2010,0.0,2.0,0.0,1.0,3.0,2.0,1.0
974,Murali Vijay ,2011,0.0,2.0,0.0,1.0,3.0,2.0,1.0
975,Murali Vijay ,2013,0.0,2.0,0.0,1.0,3.0,2.0,1.0
989,Nicholas Pooran ,2022,0.0,2.0,0.0,1.0,3.0,2.0,1.0
995,Nitish Rana ,2022,0.0,2.0,0.0,1.0,3.0,2.0,1.0
1005,Phil Salt ,2023,0.0,2.0,0.0,1.0,3.0,2.0,1.0
1015,Quinton de Kock ,2018,0.0,2.0,0.0,1.0,3.0,2.0,1.0
1028,Rahul Tripathi ,2017,0.0,2.0,0.0,1.0,3.0,2.0,1.0
1036,Ravi Bopara ,2010,0.0,2.0,0.0,1.0,3.0,2.0,1.0
1042,Ravindra Jadeja ,2021,0.0,2.0,0.0,1.0,3.0,2.0,1.0
1048,Rishabh Pant ,2019,0.0,2.0,0.0,1.0,3.0,2.0,1.0
1066,Robin Uthappa ,2022,0.0,2.0,0.0,1.0,3.0,2.0,1.0
1069,Rohit Sharma ,2009,0.0,2.0,0.0,1.0,3.0,2.0,1.0
1076,Rohit Sharma ,2019,0.0,2.0,0.0,1.0,3.0,2.0,1.0
1080,Ross Taylor ,2009,0.0,2.0,0.0,1.0,3.0,2.0,1.0
1084,Ruturaj Gaikwad ,2022,0.0,2.0,0.0,1.0,3.0,2.0,1.0
1088,S Badrinath ,2011,0.0,2.0,0.0,1.0,3.0,2.0,1.0
1096,Sachin Tendulkar ,2013,0.0,2.0,0.0,1.0,3.0,2.0,1.0
1116,Shakib Al Hasan ,2018,0.0,2.0,0.0,1.0,3.0,2.0,1.0
1124,Shaun Marsh ,2011,0.0,2.0,0.0,1.0,3.0,2.0,1.0
1142,Shikhar Dhawan ,2021,0.0,2.0,0.0,1.0,3.0,2.0,1.0
1165,Steven Smith ,2012,0.0,2.0,0.0,1.0,3.0,2.0,1.0
1167,Steven Smith ,2016,0.0,2.0,0.0,1.0,3.0,2.0,1.0
1174,Sunil Narine ,2017,0.0,2.0,0.0,1.0,3.0,2.0,1.0
1184,Suresh Raina ,2015,0.0,2.0,0.0,1.0,3.0,2.0,1.0
1192,Suryakumar Yadav ,2022,0.0,2.0,0.0,1.0,3.0,2.0,1.0
1197,Tillakaratne Dilshan ,2009,0.0,2.0,0.0,1.0,3.0,2.0,1.0
1235,Virender Sehwag ,2011,0.0,2.0,0.0,1.0,3.0,2.0,1.0
1250,Yashasvi Jaiswal ,2021,0.0,2.0,0.0,1.0,3.0,2.0,1.0
10,Aaron Finch,2014,3.0,0.0,0.0,0.0,3.0,3.0,0.0
17,Adam Gilchrist,2009,3.0,0.0,0.0,0.0,3.0,3.0,0.0
71,Brendon McCullum,2014,3.0,0.0,0.0,0.0,3.0,3.0,0.0
228,KL Rahul,2023,3.0,0.0,0.0,0.0,3.0,3.0,0.0
257,Kumar Sangakkara,2010,3.0,0.0,0.0,0.0,3.0,3.0,0.0
314,Michael Hussey,2011,3.0,0.0,0.0,0.0,3.0,3.0,0.0
369,Quinton de Kock,2020,3.0,0.0,0.0,0.0,3.0,3.0,0.0
370,Quinton de Kock,2021,3.0,0.0,0.0,0.0,3.0,3.0,0.0
450,Sanju Samson,2020,3.0,0.0,0.0,0.0,3.0,3.0,0.0
464,Shane Watson,2018,3.0,0.0,0.0,0.0,3.0,3.0,0.0
511,Sourav Ganguly,2010,3.0,0.0,0.0,0.0,3.0,3.0,0.0
518,Steven Smith,2015,3.0,0.0,0.0,0.0,3.0,3.0,0.0
541,Suryakumar Yadav,2020,3.0,0.0,0.0,0.0,3.0,3.0,0.0
544,Suryakumar Yadav,2023,3.0,0.0,0.0,0.0,3.0,3.0,0.0
634,Adam Voges ,2010,0.0,3.0,0.0,0.0,3.0,3.0,0.0
666,Andre Russell ,2019,0.0,3.0,0.0,0.0,3.0,3.0,0.0
745,Debabrata Das ,2008,0.0,3.0,0.0,0.0,3.0,3.0,0.0
758,Dinesh Karthik ,2011,0.0,3.0,0.0,0.0,3.0,3.0,0.0
841,Jonny Bairstow ,2019,0.0,3.0,0.0,0.0,3.0,3.0,0.0
867,Karun Nair ,2018,0.0,3.0,0.0,0.0,3.0,3.0,0.0
903,MS Dhoni ,2012,0.0,3.0,0.0,0.0,3.0,3.0,0.0
910,MS Dhoni ,2020,0.0,3.0,0.0,0.0,3.0,3.0,0.0
951,Mayank Agarwal ,2020,0.0,3.0,0.0,0.0,3.0,3.0,0.0
980,Naman Ojha ,2012,0.0,3.0,0.0,0.0,3.0,3.0,0.0
993,Nitish Rana ,2019,0.0,3.0,0.0,0.0,3.0,3.0,0.0
1145,Shimron Hetmyer ,2021,0.0,3.0,0.0,0.0,3.0,3.0,0.0
1171,Stuart Binny ,2012,0.0,3.0,0.0,0.0,3.0,3.0,0.0
1178,Suresh Raina ,2009,0.0,3.0,0.0,0.0,3.0,3.0,0.0
1182,Suresh Raina ,2013,0.0,3.0,0.0,0.0,3.0,3.0,0.0
1237,Virender Sehwag ,2013,0.0,3.0,0.0,0.0,3.0,3.0,0.0
1271,Abhishek Nayar,2008,0.0,0.0,2.0,0.0,2.0,0.0,2.0
1273,Adam Gilchrist,2008,0.0,0.0,2.0,0.0,2.0,0.0,2.0
1274,Adam Gilchrist,2013,0.0,0.0,2.0,0.0,2.0,0.0,2.0
1276,Ajinkya Rahane,2009,0.0,0.0,2.0,0.0,2.0,0.0,2.0
1278,Ajinkya Rahane,2023,0.0,0.0,2.0,0.0,2.0,0.0,2.0
1282,Ambati Rayudu,2012,0.0,0.0,2.0,0.0,2.0,0.0,2.0
1284,Ambati Rayudu,2016,0.0,0.0,2.0,0.0,2.0,0.0,2.0
1286,Ambati Rayudu,2021,0.0,0.0,2.0,0.0,2.0,0.0,2.0
1288,Andre Russell,2018,0.0,0.0,2.0,0.0,2.0,0.0,2.0
1289,Andre Russell,2021,0.0,0.0,2.0,0.0,2.0,0.0,2.0
1292,Angelo Mathews,2010,0.0,0.0,2.0,0.0,2.0,0.0,2.0
1296,Ben Rohrer,2013,0.0,0.0,2.0,0.0,2.0,0.0,2.0
1301,Brendon McCullum,2009,0.0,0.0,2.0,0.0,2.0,0.0,2.0
1305,Chris Gayle,2014,0.0,0.0,2.0,0.0,2.0,0.0,2.0
1306,Chris Gayle,2017,0.0,0.0,2.0,0.0,2.0,0.0,2.0
1316,Dinesh Karthik,2011,0.0,0.0,2.0,0.0,2.0,0.0,2.0
1319,Dwayne Bravo,2009,0.0,0.0,2.0,0.0,2.0,0.0,2.0
1322,Dwayne Smith,2009,0.0,0.0,2.0,0.0,2.0,0.0,2.0
1323,Dwayne Smith,2012,0.0,0.0,2.0,0.0,2.0,0.0,2.0
1328,Faf du Plessis,2014,0.0,0.0,2.0,0.0,2.0,0.0,2.0
1329,Faf du Plessis,2016,0.0,0.0,2.0,0.0,2.0,0.0,2.0
1335,Graeme Smith,2009,0.0,0.0,2.0,0.0,2.0,0.0,2.0
1345,Ishan Kishan,2021,0.0,0.0,2.0,0.0,2.0,0.0,2.0
1361,Karun Nair,2018,0.0,0.0,2.0,0.0,2.0,0.0,2.0
1364,Kevin Pietersen,2010,0.0,0.0,2.0,0.0,2.0,0.0,2.0
1375,MS Dhoni,2010,0.0,0.0,2.0,0.0,2.0,0.0,2.0
1376,MS Dhoni,2018,0.0,0.0,2.0,0.0,2.0,0.0,2.0
1382,Manan Vohra,2017,0.0,0.0,2.0,0.0,2.0,0.0,2.0
1387,Manish Pandey,2023,0.0,0.0,2.0,0.0,2.0,0.0,2.0
1389,Manoj Tiwary,2012,0.0,0.0,2.0,0.0,2.0,0.0,2.0
1391,Manoj Tiwary,2017,0.0,0.0,2.0,0.0,2.0,0.0,2.0
1397,Mayank Agarwal,2020,0.0,0.0,2.0,0.0,2.0,0.0,2.0
1404,Morne van Wyk,2009,0.0,0.0,2.0,0.0,2.0,0.0,2.0
1405,Murali Vijay,2013,0.0,0.0,2.0,0.0,2.0,0.0,2.0
1406,Naman Ojha,2009,0.0,0.0,2.0,0.0,2.0,0.0,2.0
1408,Nehal Wadhera,2023,0.0,0.0,2.0,0.0,2.0,0.0,2.0
1414,Parthiv Patel,2015,0.0,0.0,2.0,0.0,2.0,0.0,2.0
1429,Rajat Patidar,2022,0.0,0.0,2.0,0.0,2.0,0.0,2.0
1434,Ravindra Jadeja,2009,0.0,0.0,2.0,0.0,2.0,0.0,2.0
1435,Ravindra Jadeja,2012,0.0,0.0,2.0,0.0,2.0,0.0,2.0
1440,Riyan Parag,2019,0.0,0.0,2.0,0.0,2.0,0.0,2.0
1443,Robin Uthappa,2018,0.0,0.0,2.0,0.0,2.0,0.0,2.0
1452,Ryan McLaren,2011,0.0,0.0,2.0,0.0,2.0,0.0,2.0
1457,Sanju Samson,2022,0.0,0.0,2.0,0.0,2.0,0.0,2.0
1461,Shahbaz Ahmed,2022,0.0,0.0,2.0,0.0,2.0,0.0,2.0
1463,Shane Watson,2010,0.0,0.0,2.0,0.0,2.0,0.0,2.0
1464,Shane Watson,2020,0.0,0.0,2.0,0.0,2.0,0.0,2.0
1487,Yusuf Pathan,2009,0.0,0.0,2.0,0.0,2.0,0.0,2.0
1488,Yusuf Pathan,2011,0.0,0.0,2.0,0.0,2.0,0.0,2.0
1492,Yuvraj Singh,2011,0.0,0.0,2.0,0.0,2.0,0.0,2.0
1495,AB de Villiers ,2009,0.0,0.0,0.0,2.0,2.0,0.0,2.0
1500,Aaron Finch ,2012,0.0,0.0,0.0,2.0,2.0,0.0,2.0
1507,Abhinav Manohar ,2022,0.0,0.0,0.0,2.0,2.0,0.0,2.0
1517,Amit Mishra ,2013,0.0,0.0,0.0,2.0,2.0,0.0,2.0
1522,Angelo Mathews ,2012,0.0,0.0,0.0,2.0,2.0,0.0,2.0
1532,Azhar Mahmood ,2013,0.0,0.0,0.0,2.0,2.0,0.0,2.0
1538,Brendon McCullum ,2009,0.0,0.0,0.0,2.0,2.0,0.0,2.0
1539,Brendon McCullum ,2014,0.0,0.0,0.0,2.0,2.0,0.0,2.0
1552,Chris Gayle ,2020,0.0,0.0,0.0,2.0,2.0,0.0,2.0
1554,Chris Lynn ,2019,0.0,0.0,0.0,2.0,2.0,0.0,2.0
1557,Colin Ingram ,2019,0.0,0.0,0.0,2.0,2.0,0.0,2.0
1558,Colin Munro ,2019,0.0,0.0,0.0,2.0,2.0,0.0,2.0
1560,Corey Anderson ,2015,0.0,0.0,0.0,2.0,2.0,0.0,2.0
1564,David Hussey ,2009,0.0,0.0,0.0,2.0,2.0,0.0,2.0
1565,David Hussey ,2012,0.0,0.0,0.0,2.0,2.0,0.0,2.0
1577,Dinesh Karthik ,2008,0.0,0.0,0.0,2.0,2.0,0.0,2.0
1580,Dinesh Karthik ,2019,0.0,0.0,0.0,2.0,2.0,0.0,2.0
1585,Dwayne Bravo ,2015,0.0,0.0,0.0,2.0,2.0,0.0,2.0
1589,Faf du Plessis ,2016,0.0,0.0,0.0,2.0,2.0,0.0,2.0
1590,Faiz Fazal ,2010,0.0,0.0,0.0,2.0,2.0,0.0,2.0
1599,Harbhajan Singh ,2010,0.0,0.0,0.0,2.0,2.0,0.0,2.0
1611,Jason Holder ,2020,0.0,0.0,0.0,2.0,2.0,0.0,2.0
1614,Jean-Paul Duminy ,2010,0.0,0.0,0.0,2.0,2.0,0.0,2.0
1638,Mahela Jayawardene ,2011,0.0,0.0,0.0,2.0,2.0,0.0,2.0
1639,Mahipal Lomror ,2021,0.0,0.0,0.0,2.0,2.0,0.0,2.0
1665,Mohammad Nabi ,2019,0.0,0.0,0.0,2.0,2.0,0.0,2.0
1672,Owais Shah ,2010,0.0,0.0,0.0,2.0,2.0,0.0,2.0
1673,Owais Shah ,2012,0.0,0.0,0.0,2.0,2.0,0.0,2.0
1678,Parthiv Patel ,2018,0.0,0.0,0.0,2.0,2.0,0.0,2.0
1691,Rahul Tripathi ,2023,0.0,0.0,0.0,2.0,2.0,0.0,2.0
1698,Ravindra Jadeja ,2011,0.0,0.0,0.0,2.0,2.0,0.0,2.0
1712,Robin Uthappa ,2021,0.0,0.0,0.0,2.0,2.0,0.0,2.0
1719,Sachin Tendulkar ,2008,0.0,0.0,0.0,2.0,2.0,0.0,2.0
1723,Sanju Samson ,2015,0.0,0.0,0.0,2.0,2.0,0.0,2.0
1731,Shane Warne ,2009,0.0,0.0,0.0,2.0,2.0,0.0,2.0
1732,Shane Watson ,2008,0.0,0.0,0.0,2.0,2.0,0.0,2.0
1735,Shane Watson ,2020,0.0,0.0,0.0,2.0,2.0,0.0,2.0
1743,Shubman Gill ,2020,0.0,0.0,0.0,2.0,2.0,0.0,2.0
1746,Srikar Bharat ,2021,0.0,0.0,0.0,2.0,2.0,0.0,2.0
1748,Steven Smith ,2017,0.0,0.0,0.0,2.0,2.0,0.0,2.0
1759,Suryakumar Yadav ,2021,0.0,0.0,0.0,2.0,2.0,0.0,2.0
1770,VVS Laxman ,2008,0.0,0.0,0.0,2.0,2.0,0.0,2.0
1771,Venugopal Rao ,2008,0.0,0.0,0.0,2.0,2.0,0.0,2.0
1773,Vijay Shankar ,2019,0.0,0.0,0.0,2.0,2.0,0.0,2.0
1774,Vijay Shankar ,2020,0.0,0.0,0.0,2.0,2.0,0.0,2.0
1780,Wriddhiman Saha ,2008,0.0,0.0,0.0,2.0,2.0,0.0,2.0
1782,Wriddhiman Saha ,2016,0.0,0.0,0.0,2.0,2.0,0.0,2.0
1784,Yogesh Nagar ,2011,0.0,0.0,0.0,2.0,2.0,0.0,2.0
1788,Yuvraj Singh ,2009,0.0,0.0,0.0,2.0,2.0,0.0,2.0
1791,Yuvraj Singh ,2016,0.0,0.0,0.0,2.0,2.0,0.0,2.0
37,Albie Morkel,2008,1.0,0.0,1.0,0.0,2.0,1.0,1.0
38,Albie Morkel,2010,1.0,0.0,1.0,0.0,2.0,1.0,1.0
45,Ambati Rayudu,2019,1.0,0.0,1.0,0.0,2.0,1.0,1.0
46,Ambati Rayudu,2020,1.0,0.0,1.0,0.0,2.0,1.0,1.0
51,Andre Russell,2023,1.0,0.0,1.0,0.0,2.0,1.0,1.0
55,Atharva Taide,2023,1.0,0.0,1.0,0.0,2.0,1.0,1.0
56,Axar Patel,2015,1.0,0.0,1.0,0.0,2.0,1.0,1.0
60,Ben Stokes,2019,1.0,0.0,1.0,0.0,2.0,1.0,1.0
63,Biplab Samantray,2013,1.0,0.0,1.0,0.0,2.0,1.0,1.0
64,Bipul Sharma,2012,1.0,0.0,1.0,0.0,2.0,1.0,1.0
66,Brad Hodge,2011,1.0,0.0,1.0,0.0,2.0,1.0,1.0
69,Brendon McCullum,2010,1.0,0.0,1.0,0.0,2.0,1.0,1.0
76,Cameron White,2012,1.0,0.0,1.0,0.0,2.0,1.0,1.0
78,Chidhambaram Gautam,2013,1.0,0.0,1.0,0.0,2.0,1.0,1.0
91,Chris Morris,2016,1.0,0.0,1.0,0.0,2.0,1.0,1.0
93,Corey Anderson,2017,1.0,0.0,1.0,0.0,2.0,1.0,1.0
98,David Hussey,2013,1.0,0.0,1.0,0.0,2.0,1.0,1.0
100,David Miller,2014,1.0,0.0,1.0,0.0,2.0,1.0,1.0
102,David Miller,2019,1.0,0.0,1.0,0.0,2.0,1.0,1.0
108,David Warner,2012,1.0,0.0,1.0,0.0,2.0,1.0,1.0
124,Devon Conway,2022,1.0,0.0,1.0,0.0,2.0,1.0,1.0
126,Dewald Brevis,2022,1.0,0.0,1.0,0.0,2.0,1.0,1.0
134,Dinesh Karthik,2016,1.0,0.0,1.0,0.0,2.0,1.0,1.0
143,Eoin Morgan,2015,1.0,0.0,1.0,0.0,2.0,1.0,1.0
146,Eoin Morgan,2021,1.0,0.0,1.0,0.0,2.0,1.0,1.0
168,George Bailey,2015,1.0,0.0,1.0,0.0,2.0,1.0,1.0
169,George Bailey,2016,1.0,0.0,1.0,0.0,2.0,1.0,1.0
171,Glenn Maxwell,2016,1.0,0.0,1.0,0.0,2.0,1.0,1.0
174,Glenn Maxwell,2022,1.0,0.0,1.0,0.0,2.0,1.0,1.0
182,Hardik Pandya,2023,1.0,0.0,1.0,0.0,2.0,1.0,1.0
185,Heinrich Klaasen,2023,1.0,0.0,1.0,0.0,2.0,1.0,1.0
187,Irfan Pathan,2010,1.0,0.0,1.0,0.0,2.0,1.0,1.0
188,Irfan Pathan,2012,1.0,0.0,1.0,0.0,2.0,1.0,1.0
199,James Hopes,2011,1.0,0.0,1.0,0.0,2.0,1.0,1.0
200,Jason Holder,2021,1.0,0.0,1.0,0.0,2.0,1.0,1.0
201,Jason Roy,2021,1.0,0.0,1.0,0.0,2.0,1.0,1.0
205,Jean-Paul Duminy,2015,1.0,0.0,1.0,0.0,2.0,1.0,1.0
217,Jos Buttler,2021,1.0,0.0,1.0,0.0,2.0,1.0,1.0
232,Kane Williamson,2021,1.0,0.0,1.0,0.0,2.0,1.0,1.0
239,Kedar Jadhav,2017,1.0,0.0,1.0,0.0,2.0,1.0,1.0
241,Kevin Pietersen,2012,1.0,0.0,1.0,0.0,2.0,1.0,1.0
245,Kieron Pollard,2014,1.0,0.0,1.0,0.0,2.0,1.0,1.0
246,Kieron Pollard,2015,1.0,0.0,1.0,0.0,2.0,1.0,1.0
255,Kumar Sangakkara,2008,1.0,0.0,1.0,0.0,2.0,1.0,1.0
261,Laxmi Shukla,2008,1.0,0.0,1.0,0.0,2.0,1.0,1.0
264,Lee Carseldine,2009,1.0,0.0,1.0,0.0,2.0,1.0,1.0
267,Lendl Simmons,2017,1.0,0.0,1.0,0.0,2.0,1.0,1.0
268,Liam Livingstone,2023,1.0,0.0,1.0,0.0,2.0,1.0,1.0
271,MS Dhoni,2011,1.0,0.0,1.0,0.0,2.0,1.0,1.0
287,Mandeep Singh,2015,1.0,0.0,1.0,0.0,2.0,1.0,1.0
289,Manish Pandey,2009,1.0,0.0,1.0,0.0,2.0,1.0,1.0
295,Manish Pandey,2018,1.0,0.0,1.0,0.0,2.0,1.0,1.0
298,Manoj Tiwary,2010,1.0,0.0,1.0,0.0,2.0,1.0,1.0
299,Manoj Tiwary,2011,1.0,0.0,1.0,0.0,2.0,1.0,1.0
303,Manvinder  Bisla,2013,1.0,0.0,1.0,0.0,2.0,1.0,1.0
312,Mayank Agarwal,2021,1.0,0.0,1.0,0.0,2.0,1.0,1.0
319,Misbah-ul-Haq,2008,1.0,0.0,1.0,0.0,2.0,1.0,1.0
323,Moeen Ali,2021,1.0,0.0,1.0,0.0,2.0,1.0,1.0
324,Moeen Ali,2022,1.0,0.0,1.0,0.0,2.0,1.0,1.0
330,Murali Vijay,2014,1.0,0.0,1.0,0.0,2.0,1.0,1.0
331,Murali Vijay,2015,1.0,0.0,1.0,0.0,2.0,1.0,1.0
336,Naman Ojha,2014,1.0,0.0,1.0,0.0,2.0,1.0,1.0
338,Nicholas Pooran,2022,1.0,0.0,1.0,0.0,2.0,1.0,1.0
339,Niraj Patel,2008,1.0,0.0,1.0,0.0,2.0,1.0,1.0
352,Parthiv Patel,2016,1.0,0.0,1.0,0.0,2.0,1.0,1.0
355,Pat Cummins,2020,1.0,0.0,1.0,0.0,2.0,1.0,1.0
358,Paul Collingwood,2010,1.0,0.0,1.0,0.0,2.0,1.0,1.0
375,Rahul Dravid,2011,1.0,0.0,1.0,0.0,2.0,1.0,1.0
377,Rahul Tewatia,2020,1.0,0.0,1.0,0.0,2.0,1.0,1.0
383,Ravi Bopara,2010,1.0,0.0,1.0,0.0,2.0,1.0,1.0
390,Rishabh Pant,2016,1.0,0.0,1.0,0.0,2.0,1.0,1.0
394,Rishabh Pant,2021,1.0,0.0,1.0,0.0,2.0,1.0,1.0
415,Rohit Sharma,2018,1.0,0.0,1.0,0.0,2.0,1.0,1.0
417,Rohit Sharma,2022,1.0,0.0,1.0,0.0,2.0,1.0,1.0
425,Ruturaj Gaikwad,2023,1.0,0.0,1.0,0.0,2.0,1.0,1.0
426,S Badrinath,2008,1.0,0.0,1.0,0.0,2.0,1.0,1.0
430,S Badrinath,2013,1.0,0.0,1.0,0.0,2.0,1.0,1.0
444,Sanju Samson,2013,1.0,0.0,1.0,0.0,2.0,1.0,1.0
445,Sanju Samson,2014,1.0,0.0,1.0,0.0,2.0,1.0,1.0
459,Shane Watson,2011,1.0,0.0,1.0,0.0,2.0,1.0,1.0
462,Shane Watson,2014,1.0,0.0,1.0,0.0,2.0,1.0,1.0
463,Shane Watson,2015,1.0,0.0,1.0,0.0,2.0,1.0,1.0
468,Shaun Marsh,2010,1.0,0.0,1.0,0.0,2.0,1.0,1.0
473,Shaun Marsh,2016,1.0,0.0,1.0,0.0,2.0,1.0,1.0
479,Shikhar Dhawan,2014,1.0,0.0,1.0,0.0,2.0,1.0,1.0
481,Shikhar Dhawan,2017,1.0,0.0,1.0,0.0,2.0,1.0,1.0
489,Shivam Dube,2021,1.0,0.0,1.0,0.0,2.0,1.0,1.0
502,Shubman Gill,2019,1.0,0.0,1.0,0.0,2.0,1.0,1.0
516,Steven Smith,2013,1.0,0.0,1.0,0.0,2.0,1.0,1.0
519,Steven Smith,2016,1.0,0.0,1.0,0.0,2.0,1.0,1.0
523,Sunil Narine,2017,1.0,0.0,1.0,0.0,2.0,1.0,1.0
524,Sunil Narine,2018,1.0,0.0,1.0,0.0,2.0,1.0,1.0
534,Suresh Raina,2015,1.0,0.0,1.0,0.0,2.0,1.0,1.0
537,Suresh Raina,2019,1.0,0.0,1.0,0.0,2.0,1.0,1.0
542,Suryakumar Yadav,2021,1.0,0.0,1.0,0.0,2.0,1.0,1.0
546,Swapnil Asnodkar,2008,1.0,0.0,1.0,0.0,2.0,1.0,1.0
547,Swapnil Asnodkar,2009,1.0,0.0,1.0,0.0,2.0,1.0,1.0
548,Thisara Perera,2013,1.0,0.0,1.0,0.0,2.0,1.0,1.0
554,Tirumalasetti Suman,2010,1.0,0.0,1.0,0.0,2.0,1.0,1.0
557,Unmukt Chand,2013,1.0,0.0,1.0,0.0,2.0,1.0,1.0
558,Venkatesh Iyer,2021,1.0,0.0,1.0,0.0,2.0,1.0,1.0
561,Venugopal Rao,2011,1.0,0.0,1.0,0.0,2.0,1.0,1.0
563,Vijay Shankar,2023,1.0,0.0,1.0,0.0,2.0,1.0,1.0
565,Virat Kohli,2009,1.0,0.0,1.0,0.0,2.0,1.0,1.0
568,Virat Kohli,2012,1.0,0.0,1.0,0.0,2.0,1.0,1.0
578,Virat Kohli,2022,1.0,0.0,1.0,0.0,2.0,1.0,1.0
594,Wriddhiman Saha,2020,1.0,0.0,1.0,0.0,2.0,1.0,1.0
599,Yogesh Takawale,2014,1.0,0.0,1.0,0.0,2.0,1.0,1.0
619,Aaron Finch ,2016,0.0,1.0,0.0,1.0,2.0,1.0,1.0
625,Abhishek Raut ,2009,0.0,1.0,0.0,1.0,2.0,1.0,1.0
630,Adam Gilchrist ,2010,0.0,1.0,0.0,1.0,2.0,1.0,1.0
640,Ajinkya Rahane ,2013,0.0,1.0,0.0,1.0,2.0,1.0,1.0
646,Ajit Agarkar ,2009,0.0,1.0,0.0,1.0,2.0,1.0,1.0
650,Albie Morkel ,2010,0.0,1.0,0.0,1.0,2.0,1.0,1.0
656,Ambati Rayudu ,2016,0.0,1.0,0.0,1.0,2.0,1.0,1.0
657,Ambati Rayudu ,2018,0.0,1.0,0.0,1.0,2.0,1.0,1.0
660,Ambati Rayudu ,2021,0.0,1.0,0.0,1.0,2.0,1.0,1.0
661,Ambati Rayudu ,2022,0.0,1.0,0.0,1.0,2.0,1.0,1.0
672,Andrew Symonds ,2011,0.0,1.0,0.0,1.0,2.0,1.0,1.0
677,Ashok Menaria ,2011,0.0,1.0,0.0,1.0,2.0,1.0,1.0
679,Atharva Taide ,2023,0.0,1.0,0.0,1.0,2.0,1.0,1.0
681,Axar Patel ,2015,0.0,1.0,0.0,1.0,2.0,1.0,1.0
691,Bipul Sharma ,2016,0.0,1.0,0.0,1.0,2.0,1.0,1.0
692,Brad Hodge ,2009,0.0,1.0,0.0,1.0,2.0,1.0,1.0
695,Brad Hodge ,2014,0.0,1.0,0.0,1.0,2.0,1.0,1.0
701,Cheteshwar Pujara ,2011,0.0,1.0,0.0,1.0,2.0,1.0,1.0
703,Chris Gayle ,2009,0.0,1.0,0.0,1.0,2.0,1.0,1.0
706,Chris Gayle ,2014,0.0,1.0,0.0,1.0,2.0,1.0,1.0
707,Chris Gayle ,2015,0.0,1.0,0.0,1.0,2.0,1.0,1.0
709,Chris Gayle ,2017,0.0,1.0,0.0,1.0,2.0,1.0,1.0
712,Chris Morris ,2016,0.0,1.0,0.0,1.0,2.0,1.0,1.0
724,David Hussey ,2010,0.0,1.0,0.0,1.0,2.0,1.0,1.0
726,David Miller ,2012,0.0,1.0,0.0,1.0,2.0,1.0,1.0
727,David Miller ,2013,0.0,1.0,0.0,1.0,2.0,1.0,1.0
735,David Warner ,2011,0.0,1.0,0.0,1.0,2.0,1.0,1.0
757,Dinesh Karthik ,2010,0.0,1.0,0.0,1.0,2.0,1.0,1.0
760,Dinesh Karthik ,2013,0.0,1.0,0.0,1.0,2.0,1.0,1.0
764,Dishant Yagnik ,2013,0.0,1.0,0.0,1.0,2.0,1.0,1.0
774,Eoin Morgan ,2017,0.0,1.0,0.0,1.0,2.0,1.0,1.0
778,Faf du Plessis ,2012,0.0,1.0,0.0,1.0,2.0,1.0,1.0
779,Faf du Plessis ,2014,0.0,1.0,0.0,1.0,2.0,1.0,1.0
781,Faf du Plessis ,2019,0.0,1.0,0.0,1.0,2.0,1.0,1.0
782,Faf du Plessis ,2020,0.0,1.0,0.0,1.0,2.0,1.0,1.0
788,Gautam Gambhir ,2010,0.0,1.0,0.0,1.0,2.0,1.0,1.0
790,Gautam Gambhir ,2015,0.0,1.0,0.0,1.0,2.0,1.0,1.0
799,Glenn Maxwell ,2022,0.0,1.0,0.0,1.0,2.0,1.0,1.0
801,Gurkeerat Singh Mann ,2013,0.0,1.0,0.0,1.0,2.0,1.0,1.0
807,Hardik Pandya ,2021,0.0,1.0,0.0,1.0,2.0,1.0,1.0
810,Harshal Patel ,2021,0.0,1.0,0.0,1.0,2.0,1.0,1.0
814,Herschelle Gibbs ,2010,0.0,1.0,0.0,1.0,2.0,1.0,1.0
815,Iqbal Abdulla ,2016,0.0,1.0,0.0,1.0,2.0,1.0,1.0
819,Irfan Pathan ,2014,0.0,1.0,0.0,1.0,2.0,1.0,1.0
825,Ishan Kishan ,2023,0.0,1.0,0.0,1.0,2.0,1.0,1.0
835,Jean-Paul Duminy ,2014,0.0,1.0,0.0,1.0,2.0,1.0,1.0
839,Jitesh Sharma ,2023,0.0,1.0,0.0,1.0,2.0,1.0,1.0
849,KL Rahul ,2014,0.0,1.0,0.0,1.0,2.0,1.0,1.0
854,KL Rahul ,2021,0.0,1.0,0.0,1.0,2.0,1.0,1.0
857,Kane Williamson ,2016,0.0,1.0,0.0,1.0,2.0,1.0,1.0
860,Kane Williamson ,2021,0.0,1.0,0.0,1.0,2.0,1.0,1.0
861,Kane Williamson ,2022,0.0,1.0,0.0,1.0,2.0,1.0,1.0
865,Karun Nair ,2016,0.0,1.0,0.0,1.0,2.0,1.0,1.0
868,Kedar Jadhav ,2017,0.0,1.0,0.0,1.0,2.0,1.0,1.0
891,Kumar Sangakkara ,2011,0.0,1.0,0.0,1.0,2.0,1.0,1.0
893,Lalit Yadav ,2022,0.0,1.0,0.0,1.0,2.0,1.0,1.0
907,MS Dhoni ,2017,0.0,1.0,0.0,1.0,2.0,1.0,1.0
913,Mahela Jayawardene ,2008,0.0,1.0,0.0,1.0,2.0,1.0,1.0
921,Mandeep Singh ,2017,0.0,1.0,0.0,1.0,2.0,1.0,1.0
923,Manish Pandey ,2010,0.0,1.0,0.0,1.0,2.0,1.0,1.0
926,Manish Pandey ,2017,0.0,1.0,0.0,1.0,2.0,1.0,1.0
927,Manish Pandey ,2019,0.0,1.0,0.0,1.0,2.0,1.0,1.0
928,Manish Pandey ,2020,0.0,1.0,0.0,1.0,2.0,1.0,1.0
930,Manish Pandey ,2022,0.0,1.0,0.0,1.0,2.0,1.0,1.0
931,Manish Pandey ,2023,0.0,1.0,0.0,1.0,2.0,1.0,1.0
934,Manoj Tiwary ,2012,0.0,1.0,0.0,1.0,2.0,1.0,1.0
936,Manoj Tiwary ,2017,0.0,1.0,0.0,1.0,2.0,1.0,1.0
940,Marcus Stoinis ,2018,0.0,1.0,0.0,1.0,2.0,1.0,1.0
942,Marcus Stoinis ,2020,0.0,1.0,0.0,1.0,2.0,1.0,1.0
943,Marcus Stoinis ,2022,0.0,1.0,0.0,1.0,2.0,1.0,1.0
957,Michael Hussey ,2014,0.0,1.0,0.0,1.0,2.0,1.0,1.0
961,Mitchell Starc ,2014,0.0,1.0,0.0,1.0,2.0,1.0,1.0
962,Mithun Manhas ,2009,0.0,1.0,0.0,1.0,2.0,1.0,1.0
966,Moeen Ali ,2021,0.0,1.0,0.0,1.0,2.0,1.0,1.0
968,Moises Henriques ,2015,0.0,1.0,0.0,1.0,2.0,1.0,1.0
977,Murali Vijay ,2015,0.0,1.0,0.0,1.0,2.0,1.0,1.0
978,Murali Vijay ,2016,0.0,1.0,0.0,1.0,2.0,1.0,1.0
986,Nehal Wadhera ,2023,0.0,1.0,0.0,1.0,2.0,1.0,1.0
988,Nicholas Pooran ,2020,0.0,1.0,0.0,1.0,2.0,1.0,1.0
994,Nitish Rana ,2021,0.0,1.0,0.0,1.0,2.0,1.0,1.0
997,Paras Dogra ,2010,0.0,1.0,0.0,1.0,2.0,1.0,1.0
999,Parthiv Patel ,2011,0.0,1.0,0.0,1.0,2.0,1.0,1.0
1004,Pawan Negi ,2017,0.0,1.0,0.0,1.0,2.0,1.0,1.0
1006,Pinal Shah ,2009,0.0,1.0,0.0,1.0,2.0,1.0,1.0
1008,Praveen Kumar ,2008,0.0,1.0,0.0,1.0,2.0,1.0,1.0
1010,Prithvi Shaw ,2020,0.0,1.0,0.0,1.0,2.0,1.0,1.0
1014,Quinton de Kock ,2016,0.0,1.0,0.0,1.0,2.0,1.0,1.0
1037,Ravichandran Ashwin ,2018,0.0,1.0,0.0,1.0,2.0,1.0,1.0
1043,Rilee Rossouw ,2023,0.0,1.0,0.0,1.0,2.0,1.0,1.0
1054,Riyan Parag ,2021,0.0,1.0,0.0,1.0,2.0,1.0,1.0
1062,Robin Uthappa ,2015,0.0,1.0,0.0,1.0,2.0,1.0,1.0
1065,Robin Uthappa ,2020,0.0,1.0,0.0,1.0,2.0,1.0,1.0
1070,Rohit Sharma ,2011,0.0,1.0,0.0,1.0,2.0,1.0,1.0
1073,Rohit Sharma ,2014,0.0,1.0,0.0,1.0,2.0,1.0,1.0
1083,Ruturaj Gaikwad ,2021,0.0,1.0,0.0,1.0,2.0,1.0,1.0
1095,Sachin Tendulkar ,2012,0.0,1.0,0.0,1.0,2.0,1.0,1.0
1097,Sai Sudharsan ,2022,0.0,1.0,0.0,1.0,2.0,1.0,1.0
1100,Sam Billings ,2022,0.0,1.0,0.0,1.0,2.0,1.0,1.0
1101,Sanath Jayasuriya ,2008,0.0,1.0,0.0,1.0,2.0,1.0,1.0
1107,Sanju Samson ,2020,0.0,1.0,0.0,1.0,2.0,1.0,1.0
1110,Sanju Samson ,2023,0.0,1.0,0.0,1.0,2.0,1.0,1.0
1111,Sarfaraz Khan ,2019,0.0,1.0,0.0,1.0,2.0,1.0,1.0
1114,Shahbaz Ahmed ,2022,0.0,1.0,0.0,1.0,2.0,1.0,1.0
1118,Shane Watson ,2012,0.0,1.0,0.0,1.0,2.0,1.0,1.0
1120,Shane Watson ,2014,0.0,1.0,0.0,1.0,2.0,1.0,1.0
1125,Shaun Marsh ,2012,0.0,1.0,0.0,1.0,2.0,1.0,1.0
1129,Shaun Pollock ,2008,0.0,1.0,0.0,1.0,2.0,1.0,1.0
1138,Shikhar Dhawan ,2017,0.0,1.0,0.0,1.0,2.0,1.0,1.0
1143,Shikhar Dhawan ,2022,0.0,1.0,0.0,1.0,2.0,1.0,1.0
1149,Shreyas Iyer ,2017,0.0,1.0,0.0,1.0,2.0,1.0,1.0
1155,Shubman Gill ,2018,0.0,1.0,0.0,1.0,2.0,1.0,1.0
1159,Shubman Gill ,2023,0.0,1.0,0.0,1.0,2.0,1.0,1.0
1160,Sikandar Raza ,2023,0.0,1.0,0.0,1.0,2.0,1.0,1.0
1161,Simon Katich ,2009,0.0,1.0,0.0,1.0,2.0,1.0,1.0
1164,Sourav Ganguly ,2012,0.0,1.0,0.0,1.0,2.0,1.0,1.0
1166,Steven Smith ,2015,0.0,1.0,0.0,1.0,2.0,1.0,1.0
1169,Steven Smith ,2020,0.0,1.0,0.0,1.0,2.0,1.0,1.0
1176,Sunny Sohal ,2009,0.0,1.0,0.0,1.0,2.0,1.0,1.0
1179,Suresh Raina ,2010,0.0,1.0,0.0,1.0,2.0,1.0,1.0
1195,Thisara Perera ,2011,0.0,1.0,0.0,1.0,2.0,1.0,1.0
1198,Tillakaratne Dilshan ,2012,0.0,1.0,0.0,1.0,2.0,1.0,1.0
1200,Tim David ,2022,0.0,1.0,0.0,1.0,2.0,1.0,1.0
1212,Venkatesh Iyer ,2023,0.0,1.0,0.0,1.0,2.0,1.0,1.0
1215,Vijay Shankar ,2017,0.0,1.0,0.0,1.0,2.0,1.0,1.0
1216,Vijay Shankar ,2018,0.0,1.0,0.0,1.0,2.0,1.0,1.0
1228,Virat Kohli ,2017,0.0,1.0,0.0,1.0,2.0,1.0,1.0
1229,Virat Kohli ,2018,0.0,1.0,0.0,1.0,2.0,1.0,1.0
1232,Virat Kohli ,2022,0.0,1.0,0.0,1.0,2.0,1.0,1.0
1244,Wriddhiman Saha ,2017,0.0,1.0,0.0,1.0,2.0,1.0,1.0
1246,Wriddhiman Saha ,2021,0.0,1.0,0.0,1.0,2.0,1.0,1.0
1251,Yashasvi Jaiswal ,2023,0.0,1.0,0.0,1.0,2.0,1.0,1.0
1252,Yogesh Nagar ,2012,0.0,1.0,0.0,1.0,2.0,1.0,1.0
1257,Yusuf Pathan ,2013,0.0,1.0,0.0,1.0,2.0,1.0,1.0
1260,Yusuf Pathan ,2016,0.0,1.0,0.0,1.0,2.0,1.0,1.0
1263,Yuvraj Singh ,2010,0.0,1.0,0.0,1.0,2.0,1.0,1.0
1265,Yuvraj Singh ,2015,0.0,1.0,0.0,1.0,2.0,1.0,1.0
2,AB de Villiers,2014,2.0,0.0,0.0,0.0,2.0,2.0,0.0
14,Abhishek Jhunjhunwala,2010,2.0,0.0,0.0,0.0,2.0,2.0,0.0
20,Adam Gilchrist,2012,2.0,0.0,0.0,0.0,2.0,2.0,0.0
33,Ajinkya Rahane,2018,2.0,0.0,0.0,0.0,2.0,2.0,0.0
73,Brendon McCullum,2017,2.0,0.0,0.0,0.0,2.0,2.0,0.0
104,David Miller,2022,2.0,0.0,0.0,0.0,2.0,2.0,0.0
106,David Warner,2010,2.0,0.0,0.0,0.0,2.0,2.0,0.0
145,Eoin Morgan,2020,2.0,0.0,0.0,0.0,2.0,2.0,0.0
148,Evin Lewis,2021,2.0,0.0,0.0,0.0,2.0,2.0,0.0
172,Glenn Maxwell,2017,2.0,0.0,0.0,0.0,2.0,2.0,0.0
177,Hanuma Vihari,2013,2.0,0.0,0.0,0.0,2.0,2.0,0.0
180,Harbhajan Singh,2016,2.0,0.0,0.0,0.0,2.0,2.0,0.0
194,Jacques Kallis,2012,2.0,0.0,0.0,0.0,2.0,2.0,0.0
207,Jesse Ryder,2012,2.0,0.0,0.0,0.0,2.0,2.0,0.0
236,Karun Nair,2017,2.0,0.0,0.0,0.0,2.0,2.0,0.0
238,Kedar Jadhav,2015,2.0,0.0,0.0,0.0,2.0,2.0,0.0
253,Krunal Pandya,2017,2.0,0.0,0.0,0.0,2.0,2.0,0.0
279,MS Dhoni,2022,2.0,0.0,0.0,0.0,2.0,2.0,0.0
282,Mahela Jayawardene,2011,2.0,0.0,0.0,0.0,2.0,2.0,0.0
307,Matthew Hayden,2008,2.0,0.0,0.0,0.0,2.0,2.0,0.0
310,Mayank Agarwal,2012,2.0,0.0,0.0,0.0,2.0,2.0,0.0
313,Mayank Agarwal,2023,2.0,0.0,0.0,0.0,2.0,2.0,0.0
342,Nitish Rana,2019,2.0,0.0,0.0,0.0,2.0,2.0,0.0
347,Parthiv Patel,2009,2.0,0.0,0.0,0.0,2.0,2.0,0.0
364,Prithvi Shaw,2019,2.0,0.0,0.0,0.0,2.0,2.0,0.0
378,Rahul Tewatia,2022,2.0,0.0,0.0,0.0,2.0,2.0,0.0
388,Ravindra Jadeja,2020,2.0,0.0,0.0,0.0,2.0,2.0,0.0
396,Robin Uthappa,2008,2.0,0.0,0.0,0.0,2.0,2.0,0.0
418,Ross Taylor,2008,2.0,0.0,0.0,0.0,2.0,2.0,0.0
419,Ross Taylor,2009,2.0,0.0,0.0,0.0,2.0,2.0,0.0
427,S Badrinath,2009,2.0,0.0,0.0,0.0,2.0,2.0,0.0
428,S Badrinath,2010,2.0,0.0,0.0,0.0,2.0,2.0,0.0
438,Salman Butt,2008,2.0,0.0,0.0,0.0,2.0,2.0,0.0
496,Shreyas Iyer,2018,2.0,0.0,0.0,0.0,2.0,2.0,0.0
521,Steven Smith,2019,2.0,0.0,0.0,0.0,2.0,2.0,0.0
528,Suresh Raina,2009,2.0,0.0,0.0,0.0,2.0,2.0,0.0
535,Suresh Raina,2016,2.0,0.0,0.0,0.0,2.0,2.0,0.0
540,Suryakumar Yadav,2019,2.0,0.0,0.0,0.0,2.0,2.0,0.0
552,Tillakaratne Dilshan,2011,2.0,0.0,0.0,0.0,2.0,2.0,0.0
560,Venugopal Rao,2008,2.0,0.0,0.0,0.0,2.0,2.0,0.0
581,Virender Sehwag,2009,2.0,0.0,0.0,0.0,2.0,2.0,0.0
592,Wriddhiman Saha,2015,2.0,0.0,0.0,0.0,2.0,2.0,0.0
610,AB de Villiers ,2011,0.0,2.0,0.0,0.0,2.0,2.0,0.0
620,Aaron Finch ,2020,0.0,2.0,0.0,0.0,2.0,2.0,0.0
623,Abhishek Nayar ,2008,0.0,2.0,0.0,0.0,2.0,2.0,0.0
633,Adam Gilchrist ,2013,0.0,2.0,0.0,0.0,2.0,2.0,0.0
648,Akshath Reddy ,2013,0.0,2.0,0.0,0.0,2.0,2.0,0.0
665,Andre Russell ,2018,0.0,2.0,0.0,0.0,2.0,2.0,0.0
674,Angelo Mathews ,2013,0.0,2.0,0.0,0.0,2.0,2.0,0.0
675,Anustup Majumdar ,2012,0.0,2.0,0.0,0.0,2.0,2.0,0.0
682,Axar Patel ,2019,0.0,2.0,0.0,0.0,2.0,2.0,0.0
684,Axar Patel ,2022,0.0,2.0,0.0,0.0,2.0,2.0,0.0
716,Colin de Grandhomme ,2017,0.0,2.0,0.0,0.0,2.0,2.0,0.0
718,Corey Anderson ,2017,0.0,2.0,0.0,0.0,2.0,2.0,0.0
722,Daren Sammy ,2013,0.0,2.0,0.0,0.0,2.0,2.0,0.0
731,David Miller ,2021,0.0,2.0,0.0,0.0,2.0,2.0,0.0
737,David Warner ,2015,0.0,2.0,0.0,0.0,2.0,2.0,0.0
751,Devdutt Padikkal ,2021,0.0,2.0,0.0,0.0,2.0,2.0,0.0
754,Dewald Brevis ,2022,0.0,2.0,0.0,0.0,2.0,2.0,0.0
769,Dwayne Smith ,2013,0.0,2.0,0.0,0.0,2.0,2.0,0.0
770,Dwayne Smith ,2014,0.0,2.0,0.0,0.0,2.0,2.0,0.0
780,Faf du Plessis ,2015,0.0,2.0,0.0,0.0,2.0,2.0,0.0
787,Gautam Gambhir ,2009,0.0,2.0,0.0,0.0,2.0,2.0,0.0
793,George Bailey ,2015,0.0,2.0,0.0,0.0,2.0,2.0,0.0
809,Harshal Patel ,2018,0.0,2.0,0.0,0.0,2.0,2.0,0.0
827,Jacques Kallis ,2009,0.0,2.0,0.0,0.0,2.0,2.0,0.0
832,James Hopes ,2011,0.0,2.0,0.0,0.0,2.0,2.0,0.0
842,Jonny Bairstow ,2020,0.0,2.0,0.0,0.0,2.0,2.0,0.0
846,Jos Buttler ,2019,0.0,2.0,0.0,0.0,2.0,2.0,0.0
886,Krunal Pandya ,2019,0.0,2.0,0.0,0.0,2.0,2.0,0.0
906,MS Dhoni ,2016,0.0,2.0,0.0,0.0,2.0,2.0,0.0
918,Manan Vohra ,2016,0.0,2.0,0.0,0.0,2.0,2.0,0.0
935,Manoj Tiwary ,2013,0.0,2.0,0.0,0.0,2.0,2.0,0.0
939,Marcus Stoinis ,2016,0.0,2.0,0.0,0.0,2.0,2.0,0.0
944,Mark Boucher ,2009,0.0,2.0,0.0,0.0,2.0,2.0,0.0
946,Matthew Hayden ,2009,0.0,2.0,0.0,0.0,2.0,2.0,0.0
949,Mayank Agarwal ,2015,0.0,2.0,0.0,0.0,2.0,2.0,0.0
987,Nicholas Pooran ,2019,0.0,2.0,0.0,0.0,2.0,2.0,0.0
1038,Ravichandran Ashwin ,2022,0.0,2.0,0.0,0.0,2.0,2.0,0.0
1039,Ravindra Jadeja ,2008,0.0,2.0,0.0,0.0,2.0,2.0,0.0
1044,Rinku Singh ,2022,0.0,2.0,0.0,0.0,2.0,2.0,0.0
1047,Rishabh Pant ,2017,0.0,2.0,0.0,0.0,2.0,2.0,0.0
1058,Robin Uthappa ,2011,0.0,2.0,0.0,0.0,2.0,2.0,0.0
1060,Robin Uthappa ,2013,0.0,2.0,0.0,0.0,2.0,2.0,0.0
1067,Roelof van der Merwe ,2009,0.0,2.0,0.0,0.0,2.0,2.0,0.0
1071,Rohit Sharma ,2012,0.0,2.0,0.0,0.0,2.0,2.0,0.0
1077,Rohit Sharma ,2020,0.0,2.0,0.0,0.0,2.0,2.0,0.0
1082,Rovman Powell ,2022,0.0,2.0,0.0,0.0,2.0,2.0,0.0
1098,Sai Sudharsan ,2023,0.0,2.0,0.0,0.0,2.0,2.0,0.0
1115,Shakib Al Hasan ,2014,0.0,2.0,0.0,0.0,2.0,2.0,0.0
1148,Shreyas Iyer ,2015,0.0,2.0,0.0,0.0,2.0,2.0,0.0
1168,Steven Smith ,2019,0.0,2.0,0.0,0.0,2.0,2.0,0.0
1175,Sunil Narine ,2020,0.0,2.0,0.0,0.0,2.0,2.0,0.0
1194,Swapnil Asnodkar ,2008,0.0,2.0,0.0,0.0,2.0,2.0,0.0
1199,Tillakaratne Dilshan ,2013,0.0,2.0,0.0,0.0,2.0,2.0,0.0
1201,Tim David ,2023,0.0,2.0,0.0,0.0,2.0,2.0,0.0
1206,Unmukt Chand ,2013,0.0,2.0,0.0,0.0,2.0,2.0,0.0
1219,Virat Kohli ,2008,0.0,2.0,0.0,0.0,2.0,2.0,0.0
1220,Virat Kohli ,2009,0.0,2.0,0.0,0.0,2.0,2.0,0.0
1234,Virender Sehwag ,2010,0.0,2.0,0.0,0.0,2.0,2.0,0.0
1262,Yuvraj Singh ,2008,0.0,2.0,0.0,0.0,2.0,2.0,0.0
1267,AB de Villiers,2013,0.0,0.0,1.0,0.0,1.0,0.0,1.0
1268,AB de Villiers,2021,0.0,0.0,1.0,0.0,1.0,0.0,1.0
1269,Aaron Finch,2017,0.0,0.0,1.0,0.0,1.0,0.0,1.0
1270,Abdul Samad,2021,0.0,0.0,1.0,0.0,1.0,0.0,1.0
1275,Adam Voges,2010,0.0,0.0,1.0,0.0,1.0,0.0,1.0
1277,Ajinkya Rahane,2022,0.0,0.0,1.0,0.0,1.0,0.0,1.0
1279,Ajit Agarkar,2008,0.0,0.0,1.0,0.0,1.0,0.0,1.0
1280,Albie Morkel,2015,0.0,0.0,1.0,0.0,1.0,0.0,1.0
1281,Aman Hakim Khan,2023,0.0,0.0,1.0,0.0,1.0,0.0,1.0
1283,Ambati Rayudu,2013,0.0,0.0,1.0,0.0,1.0,0.0,1.0
1285,Ambati Rayudu,2017,0.0,0.0,1.0,0.0,1.0,0.0,1.0
1287,Amit Mishra,2008,0.0,0.0,1.0,0.0,1.0,0.0,1.0
1290,Andrew McDonald,2010,0.0,0.0,1.0,0.0,1.0,0.0,1.0
1291,Andrew Symonds,2011,0.0,0.0,1.0,0.0,1.0,0.0,1.0
1293,Angelo Mathews,2012,0.0,0.0,1.0,0.0,1.0,0.0,1.0
1297,Ben Stokes,2018,0.0,0.0,1.0,0.0,1.0,0.0,1.0
1298,Bharat Chipli,2011,0.0,0.0,1.0,0.0,1.0,0.0,1.0
1299,Brad Hodge,2010,0.0,0.0,1.0,0.0,1.0,0.0,1.0
1300,Brendon McCullum,2008,0.0,0.0,1.0,0.0,1.0,0.0,1.0
1302,Brendon McCullum,2012,0.0,0.0,1.0,0.0,1.0,0.0,1.0
1303,Cameron White,2013,0.0,0.0,1.0,0.0,1.0,0.0,1.0
1304,Chris Gayle,2009,0.0,0.0,1.0,0.0,1.0,0.0,1.0
1307,Chris Lynn,2014,0.0,0.0,1.0,0.0,1.0,0.0,1.0
1308,Chris Morris,2017,0.0,0.0,1.0,0.0,1.0,0.0,1.0
1309,Colin de Grandhomme,2019,0.0,0.0,1.0,0.0,1.0,0.0,1.0
1310,Daren Sammy,2013,0.0,0.0,1.0,0.0,1.0,0.0,1.0
1311,Daren Sammy,2014,0.0,0.0,1.0,0.0,1.0,0.0,1.0
1312,Deepak Hooda,2015,0.0,0.0,1.0,0.0,1.0,0.0,1.0
1313,Deepak Hooda,2020,0.0,0.0,1.0,0.0,1.0,0.0,1.0
1315,Devdutt Padikkal,2023,0.0,0.0,1.0,0.0,1.0,0.0,1.0
1317,Dinesh Karthik,2020,0.0,0.0,1.0,0.0,1.0,0.0,1.0
1318,Dinesh Karthik,2022,0.0,0.0,1.0,0.0,1.0,0.0,1.0
1320,Dwayne Bravo,2015,0.0,0.0,1.0,0.0,1.0,0.0,1.0
1321,Dwayne Bravo,2018,0.0,0.0,1.0,0.0,1.0,0.0,1.0
1324,Dwayne Smith,2016,0.0,0.0,1.0,0.0,1.0,0.0,1.0
1325,Dwayne Smith,2017,0.0,0.0,1.0,0.0,1.0,0.0,1.0
1326,Eoin Morgan,2011,0.0,0.0,1.0,0.0,1.0,0.0,1.0
1327,Eoin Morgan,2013,0.0,0.0,1.0,0.0,1.0,0.0,1.0
1330,Faf du Plessis,2018,0.0,0.0,1.0,0.0,1.0,0.0,1.0
1331,Farveez Maharoof,2008,0.0,0.0,1.0,0.0,1.0,0.0,1.0
1332,Gautam Gambhir,2018,0.0,0.0,1.0,0.0,1.0,0.0,1.0
1333,Glenn Maxwell,2015,0.0,0.0,1.0,0.0,1.0,0.0,1.0
1334,Glenn Maxwell,2018,0.0,0.0,1.0,0.0,1.0,0.0,1.0
1336,Hardik Pandya,2018,0.0,0.0,1.0,0.0,1.0,0.0,1.0
1337,Hardik Pandya,2019,0.0,0.0,1.0,0.0,1.0,0.0,1.0
1338,Hardik Pandya,2020,0.0,0.0,1.0,0.0,1.0,0.0,1.0
1340,Harry Brook,2023,0.0,0.0,1.0,0.0,1.0,0.0,1.0
1341,Herschelle Gibbs,2010,0.0,0.0,1.0,0.0,1.0,0.0,1.0
1342,Irfan Pathan,2011,0.0,0.0,1.0,0.0,1.0,0.0,1.0
1343,Ishan Kishan,2018,0.0,0.0,1.0,0.0,1.0,0.0,1.0
1346,Jacques Kallis,2008,0.0,0.0,1.0,0.0,1.0,0.0,1.0
1347,Jacques Kallis,2014,0.0,0.0,1.0,0.0,1.0,0.0,1.0
1348,James Faulkner,2014,0.0,0.0,1.0,0.0,1.0,0.0,1.0
1349,James Faulkner,2015,0.0,0.0,1.0,0.0,1.0,0.0,1.0
1350,James Franklin,2011,0.0,0.0,1.0,0.0,1.0,0.0,1.0
1351,James Neesham,2014,0.0,0.0,1.0,0.0,1.0,0.0,1.0
1352,Jason Roy,2018,0.0,0.0,1.0,0.0,1.0,0.0,1.0
1353,Jean-Paul Duminy,2010,0.0,0.0,1.0,0.0,1.0,0.0,1.0
1354,Jean-Paul Duminy,2011,0.0,0.0,1.0,0.0,1.0,0.0,1.0
1355,Jesse Ryder,2011,0.0,0.0,1.0,0.0,1.0,0.0,1.0
1356,Johan Botha,2009,0.0,0.0,1.0,0.0,1.0,0.0,1.0
1358,KL Rahul,2014,0.0,0.0,1.0,0.0,1.0,0.0,1.0
1359,Kane Williamson,2019,0.0,0.0,1.0,0.0,1.0,0.0,1.0
1360,Karan Goel,2009,0.0,0.0,1.0,0.0,1.0,0.0,1.0
1362,Kedar Jadhav,2010,0.0,0.0,1.0,0.0,1.0,0.0,1.0
1363,Kedar Jadhav,2019,0.0,0.0,1.0,0.0,1.0,0.0,1.0
1365,Kevin Pietersen,2014,0.0,0.0,1.0,0.0,1.0,0.0,1.0
1366,Kevon Cooper,2013,0.0,0.0,1.0,0.0,1.0,0.0,1.0
1367,Kieron Pollard,2011,0.0,0.0,1.0,0.0,1.0,0.0,1.0
1368,Kieron Pollard,2017,0.0,0.0,1.0,0.0,1.0,0.0,1.0
1369,Kieron Pollard,2020,0.0,0.0,1.0,0.0,1.0,0.0,1.0
1370,Krunal Pandya,2019,0.0,0.0,1.0,0.0,1.0,0.0,1.0
1371,Kumar Sangakkara,2013,0.0,0.0,1.0,0.0,1.0,0.0,1.0
1372,Liam Livingstone,2022,0.0,0.0,1.0,0.0,1.0,0.0,1.0
1373,Luke Pomersbach,2009,0.0,0.0,1.0,0.0,1.0,0.0,1.0
1374,MS Dhoni,2008,0.0,0.0,1.0,0.0,1.0,0.0,1.0
1377,Mahela Jayawardene,2008,0.0,0.0,1.0,0.0,1.0,0.0,1.0
1378,Mahela Jayawardene,2013,0.0,0.0,1.0,0.0,1.0,0.0,1.0
1379,Mahipal Lomror,2020,0.0,0.0,1.0,0.0,1.0,0.0,1.0
1380,Manan Vohra,2014,0.0,0.0,1.0,0.0,1.0,0.0,1.0
1381,Manan Vohra,2016,0.0,0.0,1.0,0.0,1.0,0.0,1.0
1384,Mandeep Singh,2020,0.0,0.0,1.0,0.0,1.0,0.0,1.0
1385,Manish Pandey,2014,0.0,0.0,1.0,0.0,1.0,0.0,1.0
1388,Manoj Tiwary,2008,0.0,0.0,1.0,0.0,1.0,0.0,1.0
1390,Manoj Tiwary,2014,0.0,0.0,1.0,0.0,1.0,0.0,1.0
1392,Manvinder  Bisla,2012,0.0,0.0,1.0,0.0,1.0,0.0,1.0
1393,Marcus Stoinis,2023,0.0,0.0,1.0,0.0,1.0,0.0,1.0
1395,Martin Guptill,2019,0.0,0.0,1.0,0.0,1.0,0.0,1.0
1396,Mayank Agarwal,2015,0.0,0.0,1.0,0.0,1.0,0.0,1.0
1398,Michael Hussey,2008,0.0,0.0,1.0,0.0,1.0,0.0,1.0
1399,Michael Hussey,2012,0.0,0.0,1.0,0.0,1.0,0.0,1.0
1400,Michael Klinger,2011,0.0,0.0,1.0,0.0,1.0,0.0,1.0
1401,Mitchell Marsh,2013,0.0,0.0,1.0,0.0,1.0,0.0,1.0
1403,Moises Henriques,2017,0.0,0.0,1.0,0.0,1.0,0.0,1.0
1407,Naman Ojha,2012,0.0,0.0,1.0,0.0,1.0,0.0,1.0
1409,Nicholas Pooran,2019,0.0,0.0,1.0,0.0,1.0,0.0,1.0
1410,Nitin Saini,2012,0.0,0.0,1.0,0.0,1.0,0.0,1.0
1411,Nitish Rana,2016,0.0,0.0,1.0,0.0,1.0,0.0,1.0
1413,Parthiv Patel,2011,0.0,0.0,1.0,0.0,1.0,0.0,1.0
1415,Parthiv Patel,2018,0.0,0.0,1.0,0.0,1.0,0.0,1.0
1416,Prerak Mankad,2023,0.0,0.0,1.0,0.0,1.0,0.0,1.0
1417,Prithvi Shaw,2018,0.0,0.0,1.0,0.0,1.0,0.0,1.0
1418,Prithvi Shaw,2020,0.0,0.0,1.0,0.0,1.0,0.0,1.0
1419,Prithvi Shaw,2022,0.0,0.0,1.0,0.0,1.0,0.0,1.0
1420,Priyam Garg,2020,0.0,0.0,1.0,0.0,1.0,0.0,1.0
1421,Quinton de Kock,2015,0.0,0.0,1.0,0.0,1.0,0.0,1.0
1422,Quinton de Kock,2023,0.0,0.0,1.0,0.0,1.0,0.0,1.0
1424,Rahul Tewatia,2021,0.0,0.0,1.0,0.0,1.0,0.0,1.0
1426,Rahul Tripathi,2019,0.0,0.0,1.0,0.0,1.0,0.0,1.0
1428,Rajat Bhatia,2013,0.0,0.0,1.0,0.0,1.0,0.0,1.0
1430,Ramesh Powar,2008,0.0,0.0,1.0,0.0,1.0,0.0,1.0
1431,Rashid Khan,2023,0.0,0.0,1.0,0.0,1.0,0.0,1.0
1432,Ravi Bopara,2009,0.0,0.0,1.0,0.0,1.0,0.0,1.0
1433,Ravindra Jadeja,2008,0.0,0.0,1.0,0.0,1.0,0.0,1.0
1436,Richard Levi,2012,0.0,0.0,1.0,0.0,1.0,0.0,1.0
1437,Rilee Rossouw,2023,0.0,0.0,1.0,0.0,1.0,0.0,1.0
1438,Rinku Singh,2023,0.0,0.0,1.0,0.0,1.0,0.0,1.0
1439,Rishabh Pant,2020,0.0,0.0,1.0,0.0,1.0,0.0,1.0
1441,Riyan Parag,2022,0.0,0.0,1.0,0.0,1.0,0.0,1.0
1442,Rob Quiney,2009,0.0,0.0,1.0,0.0,1.0,0.0,1.0
1444,Robin Uthappa,2022,0.0,0.0,1.0,0.0,1.0,0.0,1.0
1446,Rohit Sharma,2015,0.0,0.0,1.0,0.0,1.0,0.0,1.0
1449,Rohit Sharma,2023,0.0,0.0,1.0,0.0,1.0,0.0,1.0
1450,Ross Taylor,2010,0.0,0.0,1.0,0.0,1.0,0.0,1.0
1451,Rovman Powell,2022,0.0,0.0,1.0,0.0,1.0,0.0,1.0
1453,Ryan ten Doeschate,2011,0.0,0.0,1.0,0.0,1.0,0.0,1.0
1454,Sai Sudharsan,2023,0.0,0.0,1.0,0.0,1.0,0.0,1.0
1455,Sanath Jayasuriya,2009,0.0,0.0,1.0,0.0,1.0,0.0,1.0
1456,Sanju Samson,2015,0.0,0.0,1.0,0.0,1.0,0.0,1.0
1458,Sarfaraz Khan,2019,0.0,0.0,1.0,0.0,1.0,0.0,1.0
1459,Saurabh Tiwary,2011,0.0,0.0,1.0,0.0,1.0,0.0,1.0
1460,Saurabh Tiwary,2013,0.0,0.0,1.0,0.0,1.0,0.0,1.0
1462,Shakib Al Hasan,2012,0.0,0.0,1.0,0.0,1.0,0.0,1.0
1465,Shaun Marsh,2015,0.0,0.0,1.0,0.0,1.0,0.0,1.0
1466,Shikhar Dhawan,2012,0.0,0.0,1.0,0.0,1.0,0.0,1.0
1467,Shikhar Dhawan,2015,0.0,0.0,1.0,0.0,1.0,0.0,1.0
1468,Shikhar Dhawan,2022,0.0,0.0,1.0,0.0,1.0,0.0,1.0
1469,Shimron Hetmyer,2020,0.0,0.0,1.0,0.0,1.0,0.0,1.0
1470,Sikandar Raza,2023,0.0,0.0,1.0,0.0,1.0,0.0,1.0
1471,Sourav Ganguly,2012,0.0,0.0,1.0,0.0,1.0,0.0,1.0
1472,Steven Smith,2021,0.0,0.0,1.0,0.0,1.0,0.0,1.0
1473,Suresh Raina,2017,0.0,0.0,1.0,0.0,1.0,0.0,1.0
1474,Suryakumar Yadav,2016,0.0,0.0,1.0,0.0,1.0,0.0,1.0
1475,Suryakumar Yadav,2017,0.0,0.0,1.0,0.0,1.0,0.0,1.0
1476,Tilak Varma,2023,0.0,0.0,1.0,0.0,1.0,0.0,1.0
1477,Tirumalasetti Suman,2011,0.0,0.0,1.0,0.0,1.0,0.0,1.0
1478,Travis Head,2016,0.0,0.0,1.0,0.0,1.0,0.0,1.0
1479,Venkatesh Iyer,2022,0.0,0.0,1.0,0.0,1.0,0.0,1.0
1480,Vinay Kumar,2013,0.0,0.0,1.0,0.0,1.0,0.0,1.0
1481,Washington Sundar,2020,0.0,0.0,1.0,0.0,1.0,0.0,1.0
1482,Wriddhiman Saha,2017,0.0,0.0,1.0,0.0,1.0,0.0,1.0
1483,Wriddhiman Saha,2018,0.0,0.0,1.0,0.0,1.0,0.0,1.0
1484,Wriddhiman Saha,2023,0.0,0.0,1.0,0.0,1.0,0.0,1.0
1485,Yashasvi Jaiswal,2021,0.0,0.0,1.0,0.0,1.0,0.0,1.0
1486,Yogesh Nagar,2012,0.0,0.0,1.0,0.0,1.0,0.0,1.0
1489,Yusuf Pathan,2012,0.0,0.0,1.0,0.0,1.0,0.0,1.0
1490,Yuvraj Singh,2008,0.0,0.0,1.0,0.0,1.0,0.0,1.0
1491,Yuvraj Singh,2010,0.0,0.0,1.0,0.0,1.0,0.0,1.0
1493,Yuvraj Singh,2015,0.0,0.0,1.0,0.0,1.0,0.0,1.0
1494,Yuvraj Singh,2016,0.0,0.0,1.0,0.0,1.0,0.0,1.0
1496,AB de Villiers ,2010,0.0,0.0,0.0,1.0,1.0,0.0,1.0
1497,AB de Villiers ,2017,0.0,0.0,0.0,1.0,1.0,0.0,1.0
1498,Aakash Chopra ,2009,0.0,0.0,0.0,1.0,1.0,0.0,1.0
1499,Aaron Finch ,2010,0.0,0.0,0.0,1.0,1.0,0.0,1.0
1501,Aaron Finch ,2013,0.0,0.0,0.0,1.0,1.0,0.0,1.0
1502,Aaron Finch ,2014,0.0,0.0,0.0,1.0,1.0,0.0,1.0
1503,Aaron Finch ,2018,0.0,0.0,0.0,1.0,1.0,0.0,1.0
1504,Aaron Finch ,2022,0.0,0.0,0.0,1.0,1.0,0.0,1.0
1505,Abdul Samad ,2020,0.0,0.0,0.0,1.0,1.0,0.0,1.0
1506,Abdul Samad ,2021,0.0,0.0,0.0,1.0,1.0,0.0,1.0
1508,Abhishek Nayar ,2013,0.0,0.0,0.0,1.0,1.0,0.0,1.0
1509,Abhishek Sharma ,2020,0.0,0.0,0.0,1.0,1.0,0.0,1.0
1510,Adam Gilchrist ,2009,0.0,0.0,0.0,1.0,1.0,0.0,1.0
1511,Aiden Blizzard ,2011,0.0,0.0,0.0,1.0,1.0,0.0,1.0
1512,Aiden Markram ,2021,0.0,0.0,0.0,1.0,1.0,0.0,1.0
1514,Ajinkya Rahane ,2020,0.0,0.0,0.0,1.0,1.0,0.0,1.0
1515,Albie Morkel ,2011,0.0,0.0,0.0,1.0,1.0,0.0,1.0
1516,Alex Hales ,2018,0.0,0.0,0.0,1.0,1.0,0.0,1.0
1518,Amit Paunikar ,2011,0.0,0.0,0.0,1.0,1.0,0.0,1.0
1519,Andre Russell ,2016,0.0,0.0,0.0,1.0,1.0,0.0,1.0
1520,Andre Russell ,2020,0.0,0.0,0.0,1.0,1.0,0.0,1.0
1521,Andre Russell ,2022,0.0,0.0,0.0,1.0,1.0,0.0,1.0
1523,Ankit Sharma ,2014,0.0,0.0,0.0,1.0,1.0,0.0,1.0
1524,Anmolpreet Singh ,2023,0.0,0.0,0.0,1.0,1.0,0.0,1.0
1525,Anrich Nortje ,2023,0.0,0.0,0.0,1.0,1.0,0.0,1.0
1526,Ashish Reddy ,2013,0.0,0.0,0.0,1.0,1.0,0.0,1.0
1527,Ashish Reddy ,2016,0.0,0.0,0.0,1.0,1.0,0.0,1.0
1528,Axar Patel ,2014,0.0,0.0,0.0,1.0,1.0,0.0,1.0
1529,Axar Patel ,2016,0.0,0.0,0.0,1.0,1.0,0.0,1.0
1530,Axar Patel ,2017,0.0,0.0,0.0,1.0,1.0,0.0,1.0
1531,Ayush Badoni ,2022,0.0,0.0,0.0,1.0,1.0,0.0,1.0
1533,Ben Cutting ,2016,0.0,0.0,0.0,1.0,1.0,0.0,1.0
1534,Ben Cutting ,2018,0.0,0.0,0.0,1.0,1.0,0.0,1.0
1535,Ben Stokes ,2017,0.0,0.0,0.0,1.0,1.0,0.0,1.0
1536,Bhanuka Rajapaksa ,2022,0.0,0.0,0.0,1.0,1.0,0.0,1.0
1537,Bhuvneshwar Kumar ,2023,0.0,0.0,0.0,1.0,1.0,0.0,1.0
1540,Brendon McCullum ,2015,0.0,0.0,0.0,1.0,1.0,0.0,1.0
1541,Brendon McCullum ,2017,0.0,0.0,0.0,1.0,1.0,0.0,1.0
1542,Brett Lee ,2012,0.0,0.0,0.0,1.0,1.0,0.0,1.0
1543,Cameron Green ,2023,0.0,0.0,0.0,1.0,1.0,0.0,1.0
1544,Cameron White ,2008,0.0,0.0,0.0,1.0,1.0,0.0,1.0
1545,Cameron White ,2012,0.0,0.0,0.0,1.0,1.0,0.0,1.0
1547,Cheteshwar Pujara ,2013,0.0,0.0,0.0,1.0,1.0,0.0,1.0
1548,Chidhambaram Gautam ,2014,0.0,0.0,0.0,1.0,1.0,0.0,1.0
1549,Chris Gayle ,2010,0.0,0.0,0.0,1.0,1.0,0.0,1.0
1550,Chris Gayle ,2018,0.0,0.0,0.0,1.0,1.0,0.0,1.0
1551,Chris Gayle ,2019,0.0,0.0,0.0,1.0,1.0,0.0,1.0
1555,Chris Morris ,2017,0.0,0.0,0.0,1.0,1.0,0.0,1.0
1556,Chris Morris ,2018,0.0,0.0,0.0,1.0,1.0,0.0,1.0
1559,Colin de Grandhomme ,2018,0.0,0.0,0.0,1.0,1.0,0.0,1.0
1561,D'Arcy Short ,2018,0.0,0.0,0.0,1.0,1.0,0.0,1.0
1562,Damien Martyn ,2010,0.0,0.0,0.0,1.0,1.0,0.0,1.0
1563,Dan Christian ,2011,0.0,0.0,0.0,1.0,1.0,0.0,1.0
1566,David Hussey ,2013,0.0,0.0,0.0,1.0,1.0,0.0,1.0
1567,David Miller ,2015,0.0,0.0,0.0,1.0,1.0,0.0,1.0
1568,David Miller ,2018,0.0,0.0,0.0,1.0,1.0,0.0,1.0
1569,David Warner ,2010,0.0,0.0,0.0,1.0,1.0,0.0,1.0
1570,David Warner ,2013,0.0,0.0,0.0,1.0,1.0,0.0,1.0
1571,David Warner ,2022,0.0,0.0,0.0,1.0,1.0,0.0,1.0
1572,Davy Jacobs ,2011,0.0,0.0,0.0,1.0,1.0,0.0,1.0
1573,Debabrata Das ,2013,0.0,0.0,0.0,1.0,1.0,0.0,1.0
1574,Devdutt Padikkal ,2023,0.0,0.0,0.0,1.0,1.0,0.0,1.0
1575,Devon Conway ,2022,0.0,0.0,0.0,1.0,1.0,0.0,1.0
1576,Dimitri Mascarenhas ,2009,0.0,0.0,0.0,1.0,1.0,0.0,1.0
1578,Dinesh Karthik ,2015,0.0,0.0,0.0,1.0,1.0,0.0,1.0
1579,Dinesh Karthik ,2016,0.0,0.0,0.0,1.0,1.0,0.0,1.0
1581,Dinesh Karthik ,2021,0.0,0.0,0.0,1.0,1.0,0.0,1.0
1583,Dinesh Salunkhe ,2008,0.0,0.0,0.0,1.0,1.0,0.0,1.0
1584,Dwayne Bravo ,2009,0.0,0.0,0.0,1.0,1.0,0.0,1.0
1586,Eoin Morgan ,2015,0.0,0.0,0.0,1.0,1.0,0.0,1.0
1587,Eoin Morgan ,2021,0.0,0.0,0.0,1.0,1.0,0.0,1.0
1588,Evin Lewis ,2019,0.0,0.0,0.0,1.0,1.0,0.0,1.0
1592,Gautam Gambhir ,2013,0.0,0.0,0.0,1.0,1.0,0.0,1.0
1593,Gautam Gambhir ,2014,0.0,0.0,0.0,1.0,1.0,0.0,1.0
1594,George Bailey ,2014,0.0,0.0,0.0,1.0,1.0,0.0,1.0
1595,Glenn Maxwell ,2014,0.0,0.0,0.0,1.0,1.0,0.0,1.0
1596,Glenn Maxwell ,2023,0.0,0.0,0.0,1.0,1.0,0.0,1.0
1597,Graeme Smith ,2009,0.0,0.0,0.0,1.0,1.0,0.0,1.0
1598,Gurkeerat Singh Mann ,2020,0.0,0.0,0.0,1.0,1.0,0.0,1.0
1600,Hardik Pandya ,2017,0.0,0.0,0.0,1.0,1.0,0.0,1.0
1601,Hardik Pandya ,2023,0.0,0.0,0.0,1.0,1.0,0.0,1.0
1602,Herschelle Gibbs ,2012,0.0,0.0,0.0,1.0,1.0,0.0,1.0
1603,Irfan Pathan ,2008,0.0,0.0,0.0,1.0,1.0,0.0,1.0
1604,Ishan Kishan ,2018,0.0,0.0,0.0,1.0,1.0,0.0,1.0
1605,Ishan Kishan ,2021,0.0,0.0,0.0,1.0,1.0,0.0,1.0
1606,Ishank Jaggi ,2017,0.0,0.0,0.0,1.0,1.0,0.0,1.0
1607,Jacques Kallis ,2008,0.0,0.0,0.0,1.0,1.0,0.0,1.0
1608,Jacques Kallis ,2011,0.0,0.0,0.0,1.0,1.0,0.0,1.0
1610,Jacques Kallis ,2014,0.0,0.0,0.0,1.0,1.0,0.0,1.0
1612,Jaydev Unadkat ,2021,0.0,0.0,0.0,1.0,1.0,0.0,1.0
1613,Jean-Paul Duminy ,2009,0.0,0.0,0.0,1.0,1.0,0.0,1.0
1615,Jofra Archer ,2020,0.0,0.0,0.0,1.0,1.0,0.0,1.0
1616,Johan Botha ,2013,0.0,0.0,0.0,1.0,1.0,0.0,1.0
1618,Jos Buttler ,2018,0.0,0.0,0.0,1.0,1.0,0.0,1.0
1619,Jos Buttler ,2021,0.0,0.0,0.0,1.0,1.0,0.0,1.0
1620,Josh Philippe ,2020,0.0,0.0,0.0,1.0,1.0,0.0,1.0
1621,KL Rahul ,2015,0.0,0.0,0.0,1.0,1.0,0.0,1.0
1622,KL Rahul ,2023,0.0,0.0,0.0,1.0,1.0,0.0,1.0
1623,Kagiso Rabada ,2017,0.0,0.0,0.0,1.0,1.0,0.0,1.0
1624,Kamran Akmal ,2008,0.0,0.0,0.0,1.0,1.0,0.0,1.0
1625,Karan Goel ,2008,0.0,0.0,0.0,1.0,1.0,0.0,1.0
1626,Karn Sharma ,2015,0.0,0.0,0.0,1.0,1.0,0.0,1.0
1627,Karun Nair ,2014,0.0,0.0,0.0,1.0,1.0,0.0,1.0
1628,Kedar Jadhav ,2014,0.0,0.0,0.0,1.0,1.0,0.0,1.0
1629,Kedar Jadhav ,2015,0.0,0.0,0.0,1.0,1.0,0.0,1.0
1630,Kedar Jadhav ,2018,0.0,0.0,0.0,1.0,1.0,0.0,1.0
1631,Kevin Pietersen ,2016,0.0,0.0,0.0,1.0,1.0,0.0,1.0
1632,Kieron Pollard ,2013,0.0,0.0,0.0,1.0,1.0,0.0,1.0
1633,Kieron Pollard ,2018,0.0,0.0,0.0,1.0,1.0,0.0,1.0
1634,Lalit Yadav ,2023,0.0,0.0,0.0,1.0,1.0,0.0,1.0
1635,Lasith Malinga ,2012,0.0,0.0,0.0,1.0,1.0,0.0,1.0
1636,Liam Livingstone ,2023,0.0,0.0,0.0,1.0,1.0,0.0,1.0
1640,Manan Vohra ,2015,0.0,0.0,0.0,1.0,1.0,0.0,1.0
1641,Manan Vohra ,2017,0.0,0.0,0.0,1.0,1.0,0.0,1.0
1642,Mandeep Singh ,2015,0.0,0.0,0.0,1.0,1.0,0.0,1.0
1643,Mandeep Singh ,2019,0.0,0.0,0.0,1.0,1.0,0.0,1.0
1644,Manish Pandey ,2011,0.0,0.0,0.0,1.0,1.0,0.0,1.0
1645,Manish Pandey ,2015,0.0,0.0,0.0,1.0,1.0,0.0,1.0
1646,Manish Pandey ,2018,0.0,0.0,0.0,1.0,1.0,0.0,1.0
1647,Manoj Tiwary ,2010,0.0,0.0,0.0,1.0,1.0,0.0,1.0
1648,Manoj Tiwary ,2018,0.0,0.0,0.0,1.0,1.0,0.0,1.0
1649,Manprit Juneja ,2013,0.0,0.0,0.0,1.0,1.0,0.0,1.0
1650,Manvinder  Bisla ,2010,0.0,0.0,0.0,1.0,1.0,0.0,1.0
1651,Marlon Samuels ,2012,0.0,0.0,0.0,1.0,1.0,0.0,1.0
1652,Martin Guptill ,2019,0.0,0.0,0.0,1.0,1.0,0.0,1.0
1653,Matthew Short ,2023,0.0,0.0,0.0,1.0,1.0,0.0,1.0
1654,Matthew Wade ,2022,0.0,0.0,0.0,1.0,1.0,0.0,1.0
1656,Mayank Agarwal ,2014,0.0,0.0,0.0,1.0,1.0,0.0,1.0
1657,Mayank Agarwal ,2021,0.0,0.0,0.0,1.0,1.0,0.0,1.0
1658,Michael Hussey ,2008,0.0,0.0,0.0,1.0,1.0,0.0,1.0
1659,Mitchell Marsh ,2013,0.0,0.0,0.0,1.0,1.0,0.0,1.0
1660,Mithun Manhas ,2011,0.0,0.0,0.0,1.0,1.0,0.0,1.0
1661,Moeen Ali ,2022,0.0,0.0,0.0,1.0,1.0,0.0,1.0
1662,Moeen Ali ,2023,0.0,0.0,0.0,1.0,1.0,0.0,1.0
1663,Mohammad Kaif ,2008,0.0,0.0,0.0,1.0,1.0,0.0,1.0
1664,Mohammad Kaif ,2011,0.0,0.0,0.0,1.0,1.0,0.0,1.0
1666,Moises Henriques ,2013,0.0,0.0,0.0,1.0,1.0,0.0,1.0
1667,Murali Vijay ,2012,0.0,0.0,0.0,1.0,1.0,0.0,1.0
1668,Naman Ojha ,2009,0.0,0.0,0.0,1.0,1.0,0.0,1.0
1669,Naman Ojha ,2011,0.0,0.0,0.0,1.0,1.0,0.0,1.0
1670,Nitin Saini ,2012,0.0,0.0,0.0,1.0,1.0,0.0,1.0
1671,Nitish Rana ,2017,0.0,0.0,0.0,1.0,1.0,0.0,1.0
1674,Pardeep Sahu ,2016,0.0,0.0,0.0,1.0,1.0,0.0,1.0
1675,Parthiv Patel ,2009,0.0,0.0,0.0,1.0,1.0,0.0,1.0
1676,Parthiv Patel ,2013,0.0,0.0,0.0,1.0,1.0,0.0,1.0
1677,Parthiv Patel ,2015,0.0,0.0,0.0,1.0,1.0,0.0,1.0
1679,Piyush Chawla ,2010,0.0,0.0,0.0,1.0,1.0,0.0,1.0
1680,Piyush Chawla ,2013,0.0,0.0,0.0,1.0,1.0,0.0,1.0
1681,Prabhsimran Singh ,2020,0.0,0.0,0.0,1.0,1.0,0.0,1.0
1682,Prayas Ray Barman ,2019,0.0,0.0,0.0,1.0,1.0,0.0,1.0
1683,Prithvi Shaw ,2019,0.0,0.0,0.0,1.0,1.0,0.0,1.0
1684,Priyam Garg ,2022,0.0,0.0,0.0,1.0,1.0,0.0,1.0
1685,Quinton de Kock ,2014,0.0,0.0,0.0,1.0,1.0,0.0,1.0
1686,Rahul Dravid ,2010,0.0,0.0,0.0,1.0,1.0,0.0,1.0
1687,Rahul Tewatia ,2021,0.0,0.0,0.0,1.0,1.0,0.0,1.0
1688,Rahul Tripathi ,2018,0.0,0.0,0.0,1.0,1.0,0.0,1.0
1689,Rahul Tripathi ,2019,0.0,0.0,0.0,1.0,1.0,0.0,1.0
1690,Rahul Tripathi ,2022,0.0,0.0,0.0,1.0,1.0,0.0,1.0
1692,Rajat Patidar ,2021,0.0,0.0,0.0,1.0,1.0,0.0,1.0
1693,Ramnaresh Sarwan ,2008,0.0,0.0,0.0,1.0,1.0,0.0,1.0
1694,Rashid Khan ,2018,0.0,0.0,0.0,1.0,1.0,0.0,1.0
1695,Rashid Khan ,2021,0.0,0.0,0.0,1.0,1.0,0.0,1.0
1696,Ravi Bopara ,2009,0.0,0.0,0.0,1.0,1.0,0.0,1.0
1697,Ravi Rampaul ,2013,0.0,0.0,0.0,1.0,1.0,0.0,1.0
1699,Ravindra Jadeja ,2014,0.0,0.0,0.0,1.0,1.0,0.0,1.0
1700,Ravindra Jadeja ,2016,0.0,0.0,0.0,1.0,1.0,0.0,1.0
1701,Ravindra Jadeja ,2018,0.0,0.0,0.0,1.0,1.0,0.0,1.0
1702,Ravindra Jadeja ,2019,0.0,0.0,0.0,1.0,1.0,0.0,1.0
1703,Ricky Ponting ,2008,0.0,0.0,0.0,1.0,1.0,0.0,1.0
1704,Ricky Ponting ,2013,0.0,0.0,0.0,1.0,1.0,0.0,1.0
1705,Rinku Singh ,2019,0.0,0.0,0.0,1.0,1.0,0.0,1.0
1707,Rishi Dhawan ,2014,0.0,0.0,0.0,1.0,1.0,0.0,1.0
1708,Riyan Parag ,2020,0.0,0.0,0.0,1.0,1.0,0.0,1.0
1709,Rob Quiney ,2009,0.0,0.0,0.0,1.0,1.0,0.0,1.0
1711,Robin Uthappa ,2019,0.0,0.0,0.0,1.0,1.0,0.0,1.0
1713,Rohit Sharma ,2018,0.0,0.0,0.0,1.0,1.0,0.0,1.0
1715,Ross Taylor ,2010,0.0,0.0,0.0,1.0,1.0,0.0,1.0
1716,Ross Taylor ,2012,0.0,0.0,0.0,1.0,1.0,0.0,1.0
1717,Ryan ten Doeschate ,2015,0.0,0.0,0.0,1.0,1.0,0.0,1.0
1720,Sam Billings ,2017,0.0,0.0,0.0,1.0,1.0,0.0,1.0
1721,Sanath Jayasuriya ,2009,0.0,0.0,0.0,1.0,1.0,0.0,1.0
1722,Sanju Samson ,2013,0.0,0.0,0.0,1.0,1.0,0.0,1.0
1724,Sarfaraz Khan ,2015,0.0,0.0,0.0,1.0,1.0,0.0,1.0
1725,Sarfaraz Khan ,2022,0.0,0.0,0.0,1.0,1.0,0.0,1.0
1726,Saurabh Tiwary ,2015,0.0,0.0,0.0,1.0,1.0,0.0,1.0
1727,Saurabh Tiwary ,2016,0.0,0.0,0.0,1.0,1.0,0.0,1.0
1728,Saurabh Tiwary ,2017,0.0,0.0,0.0,1.0,1.0,0.0,1.0
1729,Scott Styris ,2008,0.0,0.0,0.0,1.0,1.0,0.0,1.0
1730,Shakib Al Hasan ,2011,0.0,0.0,0.0,1.0,1.0,0.0,1.0
1733,Shane Watson ,2010,0.0,0.0,0.0,1.0,1.0,0.0,1.0
1734,Shane Watson ,2019,0.0,0.0,0.0,1.0,1.0,0.0,1.0
1736,Shardul Thakur ,2022,0.0,0.0,0.0,1.0,1.0,0.0,1.0
1737,Shaun Marsh ,2008,0.0,0.0,0.0,1.0,1.0,0.0,1.0
1738,Shivam Dube ,2021,0.0,0.0,0.0,1.0,1.0,0.0,1.0
1739,Shivam Dube ,2022,0.0,0.0,0.0,1.0,1.0,0.0,1.0
1740,Shivam Dube ,2023,0.0,0.0,0.0,1.0,1.0,0.0,1.0
1741,Shreevats Goswami ,2011,0.0,0.0,0.0,1.0,1.0,0.0,1.0
1742,Shreyas Gopal ,2018,0.0,0.0,0.0,1.0,1.0,0.0,1.0
1744,Sourav Ganguly ,2009,0.0,0.0,0.0,1.0,1.0,0.0,1.0
1745,Sreenath Aravind ,2017,0.0,0.0,0.0,1.0,1.0,0.0,1.0
1747,Steven Smith ,2014,0.0,0.0,0.0,1.0,1.0,0.0,1.0
1749,Stuart Binny ,2011,0.0,0.0,0.0,1.0,1.0,0.0,1.0
1750,Stuart Binny ,2014,0.0,0.0,0.0,1.0,1.0,0.0,1.0
1751,Stuart Binny ,2019,0.0,0.0,0.0,1.0,1.0,0.0,1.0
1752,Sumit Narwal ,2013,0.0,0.0,0.0,1.0,1.0,0.0,1.0
1753,Sunil Narine ,2019,0.0,0.0,0.0,1.0,1.0,0.0,1.0
1754,Sunil Narine ,2021,0.0,0.0,0.0,1.0,1.0,0.0,1.0
1755,Sunil Narine ,2022,0.0,0.0,0.0,1.0,1.0,0.0,1.0
1756,Suresh Raina ,2016,0.0,0.0,0.0,1.0,1.0,0.0,1.0
1757,Suryakumar Yadav ,2016,0.0,0.0,0.0,1.0,1.0,0.0,1.0
1761,Tilak Varma ,2023,0.0,0.0,0.0,1.0,1.0,0.0,1.0
1762,Tillakaratne Dilshan ,2008,0.0,0.0,0.0,1.0,1.0,0.0,1.0
1763,Tillakaratne Dilshan ,2011,0.0,0.0,0.0,1.0,1.0,0.0,1.0
1764,Tim Southee ,2018,0.0,0.0,0.0,1.0,1.0,0.0,1.0
1765,Tirumalasetti Suman ,2009,0.0,0.0,0.0,1.0,1.0,0.0,1.0
1766,Tirumalasetti Suman ,2010,0.0,0.0,0.0,1.0,1.0,0.0,1.0
1767,Tom Curran ,2021,0.0,0.0,0.0,1.0,1.0,0.0,1.0
1768,Umesh Yadav ,2022,0.0,0.0,0.0,1.0,1.0,0.0,1.0
1769,Unmukt Chand ,2015,0.0,0.0,0.0,1.0,1.0,0.0,1.0
1772,Vidyut Sivaramakrishnan ,2008,0.0,0.0,0.0,1.0,1.0,0.0,1.0
1775,Virat Kohli ,2020,0.0,0.0,0.0,1.0,1.0,0.0,1.0
1776,Virender Sehwag ,2009,0.0,0.0,0.0,1.0,1.0,0.0,1.0
1777,Virender Sehwag ,2014,0.0,0.0,0.0,1.0,1.0,0.0,1.0
1778,Virender Sehwag ,2015,0.0,0.0,0.0,1.0,1.0,0.0,1.0
1779,Wilkin Mota ,2008,0.0,0.0,0.0,1.0,1.0,0.0,1.0
1781,Wriddhiman Saha ,2011,0.0,0.0,0.0,1.0,1.0,0.0,1.0
1783,Yashasvi Jaiswal ,2022,0.0,0.0,0.0,1.0,1.0,0.0,1.0
1785,Yusuf Pathan ,2009,0.0,0.0,0.0,1.0,1.0,0.0,1.0
1786,Yusuf Pathan ,2010,0.0,0.0,0.0,1.0,1.0,0.0,1.0
1787,Yusuf Pathan ,2017,0.0,0.0,0.0,1.0,1.0,0.0,1.0
1789,Yuvraj Singh ,2011,0.0,0.0,0.0,1.0,1.0,0.0,1.0
1790,Yuvraj Singh ,2013,0.0,0.0,0.0,1.0,1.0,0.0,1.0
1,AB de Villiers,2012,1.0,0.0,0.0,0.0,1.0,1.0,0.0
9,Aaron Finch,2013,1.0,0.0,0.0,0.0,1.0,1.0,0.0
12,Aaron Finch,2018,1.0,0.0,0.0,0.0,1.0,1.0,0.0
13,Abdul Samad,2023,1.0,0.0,0.0,0.0,1.0,1.0,0.0
15,Abhishek Raut,2010,1.0,0.0,0.0,0.0,1.0,1.0,0.0
18,Adam Gilchrist,2010,1.0,0.0,0.0,0.0,1.0,1.0,0.0
21,Aditya Dole,2010,1.0,0.0,0.0,0.0,1.0,1.0,0.0
22,Aditya Tare,2013,1.0,0.0,0.0,0.0,1.0,1.0,0.0
23,Aiden Blizzard,2011,1.0,0.0,0.0,0.0,1.0,1.0,0.0
25,Aiden Markram,2023,1.0,0.0,0.0,0.0,1.0,1.0,0.0
26,Ajinkya Rahane,2011,1.0,0.0,0.0,0.0,1.0,1.0,0.0
32,Ajinkya Rahane,2017,1.0,0.0,0.0,0.0,1.0,1.0,0.0
34,Ajinkya Rahane,2019,1.0,0.0,0.0,0.0,1.0,1.0,0.0
35,Ajinkya Rahane,2020,1.0,0.0,0.0,0.0,1.0,1.0,0.0
36,Akshath Reddy,2012,1.0,0.0,0.0,0.0,1.0,1.0,0.0
39,Alex Hales,2018,1.0,0.0,0.0,0.0,1.0,1.0,0.0
53,Angelo Mathews,2013,1.0,0.0,0.0,0.0,1.0,1.0,0.0
54,Anuj Rawat,2022,1.0,0.0,0.0,0.0,1.0,1.0,0.0
57,Axar Patel,2023,1.0,0.0,0.0,0.0,1.0,1.0,0.0
58,Azhar Mahmood,2013,1.0,0.0,0.0,0.0,1.0,1.0,0.0
62,Bhanuka Rajapaksa,2022,1.0,0.0,0.0,0.0,1.0,1.0,0.0
75,Cameron White,2008,1.0,0.0,0.0,0.0,1.0,1.0,0.0
77,Carlos Brathwaite,2018,1.0,0.0,0.0,0.0,1.0,1.0,0.0
84,Chris Gayle,2016,1.0,0.0,0.0,0.0,1.0,1.0,0.0
87,Chris Gayle,2020,1.0,0.0,0.0,0.0,1.0,1.0,0.0
92,Corey Anderson,2014,1.0,0.0,0.0,0.0,1.0,1.0,0.0
94,D'Arcy Short,2018,1.0,0.0,0.0,0.0,1.0,1.0,0.0
95,Daniel Harris,2012,1.0,0.0,0.0,0.0,1.0,1.0,0.0
103,David Miller,2021,1.0,0.0,0.0,0.0,1.0,1.0,0.0
105,David Miller,2023,1.0,0.0,0.0,0.0,1.0,1.0,0.0
116,David Warner,2021,1.0,0.0,0.0,0.0,1.0,1.0,0.0
119,David Wiese,2015,1.0,0.0,0.0,0.0,1.0,1.0,0.0
120,Debabrata Das,2012,1.0,0.0,0.0,0.0,1.0,1.0,0.0
121,Deepak Hooda,2019,1.0,0.0,0.0,0.0,1.0,1.0,0.0
127,Dhawal Kulkarni,2014,1.0,0.0,0.0,0.0,1.0,1.0,0.0
128,Dinesh Karthik,2008,1.0,0.0,0.0,0.0,1.0,1.0,0.0
130,Dinesh Karthik,2010,1.0,0.0,0.0,0.0,1.0,1.0,0.0
135,Dinesh Karthik,2017,1.0,0.0,0.0,0.0,1.0,1.0,0.0
136,Dinesh Karthik,2018,1.0,0.0,0.0,0.0,1.0,1.0,0.0
137,Dinesh Karthik,2019,1.0,0.0,0.0,0.0,1.0,1.0,0.0
144,Eoin Morgan,2016,1.0,0.0,0.0,0.0,1.0,1.0,0.0
156,Farveez Maharoof,2010,1.0,0.0,0.0,0.0,1.0,1.0,0.0
158,Gautam Gambhir,2009,1.0,0.0,0.0,0.0,1.0,1.0,0.0
167,George Bailey,2014,1.0,0.0,0.0,0.0,1.0,1.0,0.0
178,Harbhajan Singh,2012,1.0,0.0,0.0,0.0,1.0,1.0,0.0
179,Harbhajan Singh,2015,1.0,0.0,0.0,0.0,1.0,1.0,0.0
181,Hardik Pandya,2015,1.0,0.0,0.0,0.0,1.0,1.0,0.0
183,Hashim Amla,2016,1.0,0.0,0.0,0.0,1.0,1.0,0.0
196,James Faulkner,2016,1.0,0.0,0.0,0.0,1.0,1.0,0.0
197,James Franklin,2012,1.0,0.0,0.0,0.0,1.0,1.0,0.0
198,James Hopes,2008,1.0,0.0,0.0,0.0,1.0,1.0,0.0
206,Jean-Paul Duminy,2016,1.0,0.0,0.0,0.0,1.0,1.0,0.0
208,Jitesh Sharma,2022,1.0,0.0,0.0,0.0,1.0,1.0,0.0
213,Jonny Bairstow,2022,1.0,0.0,0.0,0.0,1.0,1.0,0.0
220,Josh Philippe,2020,1.0,0.0,0.0,0.0,1.0,1.0,0.0
221,KL Rahul,2015,1.0,0.0,0.0,0.0,1.0,1.0,0.0
229,Kane Williamson,2017,1.0,0.0,0.0,0.0,1.0,1.0,0.0
233,Kane Williamson,2022,1.0,0.0,0.0,0.0,1.0,1.0,0.0
240,Kevin Pietersen,2009,1.0,0.0,0.0,0.0,1.0,1.0,0.0
242,Kieron Pollard,2010,1.0,0.0,0.0,0.0,1.0,1.0,0.0
243,Kieron Pollard,2012,1.0,0.0,0.0,0.0,1.0,1.0,0.0
247,Kieron Pollard,2016,1.0,0.0,0.0,0.0,1.0,1.0,0.0
248,Kieron Pollard,2018,1.0,0.0,0.0,0.0,1.0,1.0,0.0
250,Kieron Pollard,2021,1.0,0.0,0.0,0.0,1.0,1.0,0.0
251,Krishnappa Gowtham,2023,1.0,0.0,0.0,0.0,1.0,1.0,0.0
252,Krunal Pandya,2016,1.0,0.0,0.0,0.0,1.0,1.0,0.0
254,Krunal Pandya,2022,1.0,0.0,0.0,0.0,1.0,1.0,0.0
258,Kumar Sangakkara,2011,1.0,0.0,0.0,0.0,1.0,1.0,0.0
260,Lalit Yadav,2022,1.0,0.0,0.0,0.0,1.0,1.0,0.0
262,Laxmi Shukla,2009,1.0,0.0,0.0,0.0,1.0,1.0,0.0
263,Laxmi Shukla,2012,1.0,0.0,0.0,0.0,1.0,1.0,0.0
269,Luke Pomersbach,2013,1.0,0.0,0.0,0.0,1.0,1.0,0.0
270,MS Dhoni,2009,1.0,0.0,0.0,0.0,1.0,1.0,0.0
272,MS Dhoni,2012,1.0,0.0,0.0,0.0,1.0,1.0,0.0
274,MS Dhoni,2014,1.0,0.0,0.0,0.0,1.0,1.0,0.0
275,MS Dhoni,2015,1.0,0.0,0.0,0.0,1.0,1.0,0.0
276,MS Dhoni,2016,1.0,0.0,0.0,0.0,1.0,1.0,0.0
277,MS Dhoni,2017,1.0,0.0,0.0,0.0,1.0,1.0,0.0
284,Mahipal Lomror,2022,1.0,0.0,0.0,0.0,1.0,1.0,0.0
286,Manan Vohra,2018,1.0,0.0,0.0,0.0,1.0,1.0,0.0
288,Mandeep Singh,2017,1.0,0.0,0.0,0.0,1.0,1.0,0.0
290,Manish Pandey,2010,1.0,0.0,0.0,0.0,1.0,1.0,0.0
292,Manish Pandey,2015,1.0,0.0,0.0,0.0,1.0,1.0,0.0
293,Manish Pandey,2016,1.0,0.0,0.0,0.0,1.0,1.0,0.0
300,Manoj Tiwary,2015,1.0,0.0,0.0,0.0,1.0,1.0,0.0
301,Manpreet Gony,2013,1.0,0.0,0.0,0.0,1.0,1.0,0.0
302,Manvinder  Bisla,2010,1.0,0.0,0.0,0.0,1.0,1.0,0.0
305,Mark Boucher,2009,1.0,0.0,0.0,0.0,1.0,1.0,0.0
306,Martin Guptill,2017,1.0,0.0,0.0,0.0,1.0,1.0,0.0
311,Mayank Agarwal,2017,1.0,0.0,0.0,0.0,1.0,1.0,0.0
316,Michael Hussey,2014,1.0,0.0,0.0,0.0,1.0,1.0,0.0
317,Michael Hussey,2015,1.0,0.0,0.0,0.0,1.0,1.0,0.0
318,Michael Lumb,2010,1.0,0.0,0.0,0.0,1.0,1.0,0.0
320,Mitchell Marsh,2023,1.0,0.0,0.0,0.0,1.0,1.0,0.0
321,Mithun Manhas,2011,1.0,0.0,0.0,0.0,1.0,1.0,0.0
322,Mithun Manhas,2012,1.0,0.0,0.0,0.0,1.0,1.0,0.0
325,Mohnish  Mishra,2011,1.0,0.0,0.0,0.0,1.0,1.0,0.0
333,Murali Vijay,2019,1.0,0.0,0.0,0.0,1.0,1.0,0.0
335,Naman Ojha,2011,1.0,0.0,0.0,0.0,1.0,1.0,0.0
341,Nitish Rana,2018,1.0,0.0,0.0,0.0,1.0,1.0,0.0
348,Parthiv Patel,2010,1.0,0.0,0.0,0.0,1.0,1.0,0.0
349,Parthiv Patel,2012,1.0,0.0,0.0,0.0,1.0,1.0,0.0
351,Parthiv Patel,2014,1.0,0.0,0.0,0.0,1.0,1.0,0.0
356,Pat Cummins,2021,1.0,0.0,0.0,0.0,1.0,1.0,0.0
357,Pat Cummins,2022,1.0,0.0,0.0,0.0,1.0,1.0,0.0
360,Pawan Negi,2017,1.0,0.0,0.0,0.0,1.0,1.0,0.0
361,Phil Salt,2023,1.0,0.0,0.0,0.0,1.0,1.0,0.0
363,Praveen Kumar,2008,1.0,0.0,0.0,0.0,1.0,1.0,0.0
366,Quinton de Kock,2014,1.0,0.0,0.0,0.0,1.0,1.0,0.0
372,Rahmanullah Gurbaz,2023,1.0,0.0,0.0,0.0,1.0,1.0,0.0
379,Rahul Tripathi,2018,1.0,0.0,0.0,0.0,1.0,1.0,0.0
380,Rahul Tripathi,2020,1.0,0.0,0.0,0.0,1.0,1.0,0.0
384,Ravi Bopara,2015,1.0,0.0,0.0,0.0,1.0,1.0,0.0
385,Ravichandran Ashwin,2022,1.0,0.0,0.0,0.0,1.0,1.0,0.0
387,Ravindra Jadeja,2013,1.0,0.0,0.0,0.0,1.0,1.0,0.0
389,Ravindra Jadeja,2021,1.0,0.0,0.0,0.0,1.0,1.0,0.0
397,Robin Uthappa,2009,1.0,0.0,0.0,0.0,1.0,1.0,0.0
398,Robin Uthappa,2010,1.0,0.0,0.0,0.0,1.0,1.0,0.0
405,Robin Uthappa,2019,1.0,0.0,0.0,0.0,1.0,1.0,0.0
407,Rohit Sharma,2009,1.0,0.0,0.0,0.0,1.0,1.0,0.0
421,Ross Taylor,2012,1.0,0.0,0.0,0.0,1.0,1.0,0.0
431,Sachin Tendulkar,2008,1.0,0.0,0.0,0.0,1.0,1.0,0.0
436,Sachin Tendulkar,2013,1.0,0.0,0.0,0.0,1.0,1.0,0.0
437,Sai Sudharsan,2022,1.0,0.0,0.0,0.0,1.0,1.0,0.0
439,Sam Billings,2017,1.0,0.0,0.0,0.0,1.0,1.0,0.0
440,Sam Billings,2018,1.0,0.0,0.0,0.0,1.0,1.0,0.0
441,Sam Curran,2019,1.0,0.0,0.0,0.0,1.0,1.0,0.0
442,Sam Curran,2020,1.0,0.0,0.0,0.0,1.0,1.0,0.0
446,Sanju Samson,2016,1.0,0.0,0.0,0.0,1.0,1.0,0.0
454,Saurabh Tiwary,2016,1.0,0.0,0.0,0.0,1.0,1.0,0.0
455,Saurabh Tiwary,2020,1.0,0.0,0.0,0.0,1.0,1.0,0.0
457,Shakib Al Hasan,2016,1.0,0.0,0.0,0.0,1.0,1.0,0.0
466,Shardul Thakur,2023,1.0,0.0,0.0,0.0,1.0,1.0,0.0
472,Shaun Marsh,2014,1.0,0.0,0.0,0.0,1.0,1.0,0.0
474,Shaun Marsh,2017,1.0,0.0,0.0,0.0,1.0,1.0,0.0
475,Sherfane Rutherford,2022,1.0,0.0,0.0,0.0,1.0,1.0,0.0
476,Shikhar Dhawan,2010,1.0,0.0,0.0,0.0,1.0,1.0,0.0
477,Shikhar Dhawan,2011,1.0,0.0,0.0,0.0,1.0,1.0,0.0
486,Shimron Hetmyer,2019,1.0,0.0,0.0,0.0,1.0,1.0,0.0
487,Shimron Hetmyer,2022,1.0,0.0,0.0,0.0,1.0,1.0,0.0
488,Shimron Hetmyer,2023,1.0,0.0,0.0,0.0,1.0,1.0,0.0
492,Shreevats Goswami,2008,1.0,0.0,0.0,0.0,1.0,1.0,0.0
493,Shreevats Goswami,2009,1.0,0.0,0.0,0.0,1.0,1.0,0.0
501,Shubman Gill,2018,1.0,0.0,0.0,0.0,1.0,1.0,0.0
507,Siddharth Chitnis,2012,1.0,0.0,0.0,0.0,1.0,1.0,0.0
508,Simon Katich,2008,1.0,0.0,0.0,0.0,1.0,1.0,0.0
512,Srikar Bharat,2021,1.0,0.0,0.0,0.0,1.0,1.0,0.0
513,Srikkanth Anirudha,2011,1.0,0.0,0.0,0.0,1.0,1.0,0.0
517,Steven Smith,2014,1.0,0.0,0.0,0.0,1.0,1.0,0.0
522,Steven Smith,2020,1.0,0.0,0.0,0.0,1.0,1.0,0.0
525,Sunny Sohal,2009,1.0,0.0,0.0,0.0,1.0,1.0,0.0
538,Suryakumar Yadav,2014,1.0,0.0,0.0,0.0,1.0,1.0,0.0
545,Suyash Prabhudessai,2022,1.0,0.0,0.0,0.0,1.0,1.0,0.0
550,Tillakaratne Dilshan,2008,1.0,0.0,0.0,0.0,1.0,1.0,0.0
555,Tom Curran,2020,1.0,0.0,0.0,0.0,1.0,1.0,0.0
556,Travis Head,2017,1.0,0.0,0.0,0.0,1.0,1.0,0.0
562,Vidyut Sivaramakrishnan,2008,1.0,0.0,0.0,0.0,1.0,1.0,0.0
564,Vinay Kumar,2012,1.0,0.0,0.0,0.0,1.0,1.0,0.0
566,Virat Kohli,2010,1.0,0.0,0.0,0.0,1.0,1.0,0.0
585,Virender Sehwag,2013,1.0,0.0,0.0,0.0,1.0,1.0,0.0
587,Virender Sehwag,2015,1.0,0.0,0.0,0.0,1.0,1.0,0.0
588,Wasim Jaffer,2008,1.0,0.0,0.0,0.0,1.0,1.0,0.0
589,Wriddhiman Saha,2010,1.0,0.0,0.0,0.0,1.0,1.0,0.0
590,Wriddhiman Saha,2011,1.0,0.0,0.0,0.0,1.0,1.0,0.0
595,Wriddhiman Saha,2021,1.0,0.0,0.0,0.0,1.0,1.0,0.0
603,Yusuf Pathan,2014,1.0,0.0,0.0,0.0,1.0,1.0,0.0
609,Yuvraj Singh,2019,1.0,0.0,0.0,0.0,1.0,1.0,0.0
618,AB de Villiers ,2021,0.0,1.0,0.0,0.0,1.0,1.0,0.0
621,Abdul Samad ,2023,0.0,1.0,0.0,0.0,1.0,1.0,0.0
622,Abhinav Manohar ,2023,0.0,1.0,0.0,0.0,1.0,1.0,0.0
626,Abhishek Sharma ,2018,0.0,1.0,0.0,0.0,1.0,1.0,0.0
627,Abhishek Sharma ,2021,0.0,1.0,0.0,0.0,1.0,1.0,0.0
628,Abhishek Sharma ,2022,0.0,1.0,0.0,0.0,1.0,1.0,0.0
629,Abu Nechim ,2011,0.0,1.0,0.0,0.0,1.0,1.0,0.0
635,Aditya Tare ,2013,0.0,1.0,0.0,0.0,1.0,1.0,0.0
636,Adrian Barath ,2010,0.0,1.0,0.0,0.0,1.0,1.0,0.0
641,Ajinkya Rahane ,2014,0.0,1.0,0.0,0.0,1.0,1.0,0.0
643,Ajinkya Rahane ,2016,0.0,1.0,0.0,0.0,1.0,1.0,0.0
647,Akshath Reddy ,2012,0.0,1.0,0.0,0.0,1.0,1.0,0.0
649,Albie Morkel ,2008,0.0,1.0,0.0,0.0,1.0,1.0,0.0
652,Ambati Rayudu ,2011,0.0,1.0,0.0,0.0,1.0,1.0,0.0
662,Amit Mishra ,2011,0.0,1.0,0.0,0.0,1.0,1.0,0.0
663,Amit Mishra ,2023,0.0,1.0,0.0,0.0,1.0,1.0,0.0
667,Andre Russell ,2021,0.0,1.0,0.0,0.0,1.0,1.0,0.0
669,Andrew McDonald ,2012,0.0,1.0,0.0,0.0,1.0,1.0,0.0
673,Angelo Mathews ,2010,0.0,1.0,0.0,0.0,1.0,1.0,0.0
676,Ashley Noffke ,2008,0.0,1.0,0.0,0.0,1.0,1.0,0.0
680,Avesh Khan ,2022,0.0,1.0,0.0,0.0,1.0,1.0,0.0
683,Axar Patel ,2020,0.0,1.0,0.0,0.0,1.0,1.0,0.0
687,Ben Rohrer ,2013,0.0,1.0,0.0,0.0,1.0,1.0,0.0
688,Ben Stokes ,2018,0.0,1.0,0.0,0.0,1.0,1.0,0.0
689,Ben Stokes ,2020,0.0,1.0,0.0,0.0,1.0,1.0,0.0
690,Bhuvneshwar Kumar ,2016,0.0,1.0,0.0,0.0,1.0,1.0,0.0
693,Brad Hodge ,2010,0.0,1.0,0.0,0.0,1.0,1.0,0.0
700,Cheteshwar Pujara ,2010,0.0,1.0,0.0,0.0,1.0,1.0,0.0
702,Cheteshwar Pujara ,2014,0.0,1.0,0.0,0.0,1.0,1.0,0.0
705,Chris Gayle ,2013,0.0,1.0,0.0,0.0,1.0,1.0,0.0
708,Chris Gayle ,2016,0.0,1.0,0.0,0.0,1.0,1.0,0.0
710,Chris Gayle ,2021,0.0,1.0,0.0,0.0,1.0,1.0,0.0
711,Chris Morris ,2015,0.0,1.0,0.0,0.0,1.0,1.0,0.0
713,Chris Morris ,2020,0.0,1.0,0.0,0.0,1.0,1.0,0.0
714,Chris Morris ,2021,0.0,1.0,0.0,0.0,1.0,1.0,0.0
715,Chris Woakes ,2017,0.0,1.0,0.0,0.0,1.0,1.0,0.0
719,Dale Steyn ,2015,0.0,1.0,0.0,0.0,1.0,1.0,0.0
720,Daniel Vettori ,2009,0.0,1.0,0.0,0.0,1.0,1.0,0.0
721,Daniel Vettori ,2012,0.0,1.0,0.0,0.0,1.0,1.0,0.0
730,David Miller ,2019,0.0,1.0,0.0,0.0,1.0,1.0,0.0
743,David Warner ,2023,0.0,1.0,0.0,0.0,1.0,1.0,0.0
744,David Wiese ,2015,0.0,1.0,0.0,0.0,1.0,1.0,0.0
746,Debabrata Das ,2012,0.0,1.0,0.0,0.0,1.0,1.0,0.0
747,Deepak Chahar ,2018,0.0,1.0,0.0,0.0,1.0,1.0,0.0
748,Deepak Hooda ,2018,0.0,1.0,0.0,0.0,1.0,1.0,0.0
755,Dhruv Jurel ,2023,0.0,1.0,0.0,0.0,1.0,1.0,0.0
756,Dinesh Karthik ,2009,0.0,1.0,0.0,0.0,1.0,1.0,0.0
763,Dinesh Karthik ,2020,0.0,1.0,0.0,0.0,1.0,1.0,0.0
765,Dwaraka Ravi Teja ,2008,0.0,1.0,0.0,0.0,1.0,1.0,0.0
766,Dwaraka Ravi Teja ,2011,0.0,1.0,0.0,0.0,1.0,1.0,0.0
768,Dwayne Bravo ,2022,0.0,1.0,0.0,0.0,1.0,1.0,0.0
772,Dwayne Smith ,2017,0.0,1.0,0.0,0.0,1.0,1.0,0.0
777,Evin Lewis ,2022,0.0,1.0,0.0,0.0,1.0,1.0,0.0
794,Glenn Maxwell ,2013,0.0,1.0,0.0,0.0,1.0,1.0,0.0
795,Glenn Maxwell ,2015,0.0,1.0,0.0,0.0,1.0,1.0,0.0
797,Glenn Maxwell ,2020,0.0,1.0,0.0,0.0,1.0,1.0,0.0
803,Gurkeerat Singh Mann ,2019,0.0,1.0,0.0,0.0,1.0,1.0,0.0
804,Hanuma Vihari ,2013,0.0,1.0,0.0,0.0,1.0,1.0,0.0
805,Harbhajan Singh ,2013,0.0,1.0,0.0,0.0,1.0,1.0,0.0
806,Hardik Pandya ,2019,0.0,1.0,0.0,0.0,1.0,1.0,0.0
811,Hashim Amla ,2017,0.0,1.0,0.0,0.0,1.0,1.0,0.0
813,Herschelle Gibbs ,2009,0.0,1.0,0.0,0.0,1.0,1.0,0.0
820,Ishan Kishan ,2016,0.0,1.0,0.0,0.0,1.0,1.0,0.0
821,Ishan Kishan ,2017,0.0,1.0,0.0,0.0,1.0,1.0,0.0
822,Ishan Kishan ,2019,0.0,1.0,0.0,0.0,1.0,1.0,0.0
824,Ishan Kishan ,2022,0.0,1.0,0.0,0.0,1.0,1.0,0.0
826,Jacob Oram ,2009,0.0,1.0,0.0,0.0,1.0,1.0,0.0
829,Jagadeesha Suchith ,2015,0.0,1.0,0.0,0.0,1.0,1.0,0.0
831,James Hopes ,2008,0.0,1.0,0.0,0.0,1.0,1.0,0.0
833,Jason Roy ,2021,0.0,1.0,0.0,0.0,1.0,1.0,0.0
834,Jasprit Bumrah ,2017,0.0,1.0,0.0,0.0,1.0,1.0,0.0
840,Joe Root ,2023,0.0,1.0,0.0,0.0,1.0,1.0,0.0
844,Jonny Bairstow ,2022,0.0,1.0,0.0,0.0,1.0,1.0,0.0
845,Jos Buttler ,2017,0.0,1.0,0.0,0.0,1.0,1.0,0.0
847,Jos Buttler ,2020,0.0,1.0,0.0,0.0,1.0,1.0,0.0
856,Kane Richardson ,2013,0.0,1.0,0.0,0.0,1.0,1.0,0.0
863,Karn Sharma ,2013,0.0,1.0,0.0,0.0,1.0,1.0,0.0
864,Karun Nair ,2015,0.0,1.0,0.0,0.0,1.0,1.0,0.0
869,Kedar Jadhav ,2020,0.0,1.0,0.0,0.0,1.0,1.0,0.0
873,Kieron Pollard ,2010,0.0,1.0,0.0,0.0,1.0,1.0,0.0
876,Kieron Pollard ,2014,0.0,1.0,0.0,0.0,1.0,1.0,0.0
881,Kieron Pollard ,2021,0.0,1.0,0.0,0.0,1.0,1.0,0.0
882,Kieron Pollard ,2022,0.0,1.0,0.0,0.0,1.0,1.0,0.0
887,Krunal Pandya ,2021,0.0,1.0,0.0,0.0,1.0,1.0,0.0
888,Krunal Pandya ,2023,0.0,1.0,0.0,0.0,1.0,1.0,0.0
897,Lockie Ferguson ,2020,0.0,1.0,0.0,0.0,1.0,1.0,0.0
899,Luke Pomersbach ,2011,0.0,1.0,0.0,0.0,1.0,1.0,0.0
912,MS Dhoni ,2023,0.0,1.0,0.0,0.0,1.0,1.0,0.0
922,Mandeep Singh ,2018,0.0,1.0,0.0,0.0,1.0,1.0,0.0
929,Manish Pandey ,2021,0.0,1.0,0.0,0.0,1.0,1.0,0.0
932,Manoj Tiwary ,2008,0.0,1.0,0.0,0.0,1.0,1.0,0.0
937,Manvinder  Bisla ,2011,0.0,1.0,0.0,0.0,1.0,1.0,0.0
945,Martin Guptill ,2016,0.0,1.0,0.0,0.0,1.0,1.0,0.0
947,Matthew Hayden ,2010,0.0,1.0,0.0,0.0,1.0,1.0,0.0
948,Mayank Agarwal ,2013,0.0,1.0,0.0,0.0,1.0,1.0,0.0
952,Mayank Agarwal ,2022,0.0,1.0,0.0,0.0,1.0,1.0,0.0
953,Mayank Agarwal ,2023,0.0,1.0,0.0,0.0,1.0,1.0,0.0
959,Misbah-ul-Haq ,2008,0.0,1.0,0.0,0.0,1.0,1.0,0.0
960,Mitchell Santner ,2019,0.0,1.0,0.0,0.0,1.0,1.0,0.0
964,Moeen Ali ,2018,0.0,1.0,0.0,0.0,1.0,1.0,0.0
967,Mohnish  Mishra ,2010,0.0,1.0,0.0,0.0,1.0,1.0,0.0
971,Morne van Wyk ,2009,0.0,1.0,0.0,0.0,1.0,1.0,0.0
972,Murali Kartik ,2010,0.0,1.0,0.0,0.0,1.0,1.0,0.0
976,Murali Vijay ,2014,0.0,1.0,0.0,0.0,1.0,1.0,0.0
979,Naman Ojha ,2010,0.0,1.0,0.0,0.0,1.0,1.0,0.0
981,Naman Ojha ,2015,0.0,1.0,0.0,0.0,1.0,1.0,0.0
982,Naman Ojha ,2016,0.0,1.0,0.0,0.0,1.0,1.0,0.0
983,Naman Ojha ,2017,0.0,1.0,0.0,0.0,1.0,1.0,0.0
984,Narayan Jagadeesan ,2020,0.0,1.0,0.0,0.0,1.0,1.0,0.0
985,Narayan Jagadeesan ,2022,0.0,1.0,0.0,0.0,1.0,1.0,0.0
991,Nitish Rana ,2016,0.0,1.0,0.0,0.0,1.0,1.0,0.0
992,Nitish Rana ,2018,0.0,1.0,0.0,0.0,1.0,1.0,0.0
1001,Paul Collingwood ,2010,0.0,1.0,0.0,0.0,1.0,1.0,0.0
1003,Pawan Negi ,2015,0.0,1.0,0.0,0.0,1.0,1.0,0.0
1009,Prithvi Shaw ,2018,0.0,1.0,0.0,0.0,1.0,1.0,0.0
1013,Quinton de Kock ,2015,0.0,1.0,0.0,0.0,1.0,1.0,0.0
1019,Rahmanullah Gurbaz ,2023,0.0,1.0,0.0,0.0,1.0,1.0,0.0
1025,Rahul Tewatia ,2018,0.0,1.0,0.0,0.0,1.0,1.0,0.0
1027,Rahul Tewatia ,2022,0.0,1.0,0.0,0.0,1.0,1.0,0.0
1029,Rahul Tripathi ,2020,0.0,1.0,0.0,0.0,1.0,1.0,0.0
1031,Rajagopal Sathish ,2013,0.0,1.0,0.0,0.0,1.0,1.0,0.0
1032,Rajat Bhatia ,2014,0.0,1.0,0.0,0.0,1.0,1.0,0.0
1033,Rajat Bhatia ,2017,0.0,1.0,0.0,0.0,1.0,1.0,0.0
1035,Rashid Khan ,2022,0.0,1.0,0.0,0.0,1.0,1.0,0.0
1052,Rishi Dhawan ,2015,0.0,1.0,0.0,0.0,1.0,1.0,0.0
1053,Riyan Parag ,2019,0.0,1.0,0.0,0.0,1.0,1.0,0.0
1056,Robin Uthappa ,2009,0.0,1.0,0.0,0.0,1.0,1.0,0.0
1059,Robin Uthappa ,2012,0.0,1.0,0.0,0.0,1.0,1.0,0.0
1064,Robin Uthappa ,2017,0.0,1.0,0.0,0.0,1.0,1.0,0.0
1068,Rohit Sharma ,2008,0.0,1.0,0.0,0.0,1.0,1.0,0.0
1079,Romario Shepherd ,2022,0.0,1.0,0.0,0.0,1.0,1.0,0.0
1081,Ross Taylor ,2014,0.0,1.0,0.0,0.0,1.0,1.0,0.0
1087,S Badrinath ,2009,0.0,1.0,0.0,0.0,1.0,1.0,0.0
1089,S Badrinath ,2012,0.0,1.0,0.0,0.0,1.0,1.0,0.0
1090,S Badrinath ,2013,0.0,1.0,0.0,0.0,1.0,1.0,0.0
1091,Sachin Baby ,2016,0.0,1.0,0.0,0.0,1.0,1.0,0.0
1093,Sachin Tendulkar ,2010,0.0,1.0,0.0,0.0,1.0,1.0,0.0
1099,Sam Billings ,2016,0.0,1.0,0.0,0.0,1.0,1.0,0.0
1106,Sanju Samson ,2019,0.0,1.0,0.0,0.0,1.0,1.0,0.0
1108,Sanju Samson ,2021,0.0,1.0,0.0,0.0,1.0,1.0,0.0
1122,Shane Watson ,2017,0.0,1.0,0.0,0.0,1.0,1.0,0.0
1126,Shaun Marsh ,2013,0.0,1.0,0.0,0.0,1.0,1.0,0.0
1127,Shaun Marsh ,2016,0.0,1.0,0.0,0.0,1.0,1.0,0.0
1128,Shaun Marsh ,2017,0.0,1.0,0.0,0.0,1.0,1.0,0.0
1131,Shikhar Dhawan ,2010,0.0,1.0,0.0,0.0,1.0,1.0,0.0
1134,Shikhar Dhawan ,2013,0.0,1.0,0.0,0.0,1.0,1.0,0.0
1139,Shikhar Dhawan ,2018,0.0,1.0,0.0,0.0,1.0,1.0,0.0
1141,Shikhar Dhawan ,2020,0.0,1.0,0.0,0.0,1.0,1.0,0.0
1144,Shimron Hetmyer ,2020,0.0,1.0,0.0,0.0,1.0,1.0,0.0
1151,Shreyas Iyer ,2019,0.0,1.0,0.0,0.0,1.0,1.0,0.0
1153,Shreyas Iyer ,2021,0.0,1.0,0.0,0.0,1.0,1.0,0.0
1156,Shubman Gill ,2019,0.0,1.0,0.0,0.0,1.0,1.0,0.0
1158,Shubman Gill ,2022,0.0,1.0,0.0,0.0,1.0,1.0,0.0
1170,Steven Smith ,2021,0.0,1.0,0.0,0.0,1.0,1.0,0.0
1173,Stuart Binny ,2018,0.0,1.0,0.0,0.0,1.0,1.0,0.0
1188,Suryakumar Yadav ,2014,0.0,1.0,0.0,0.0,1.0,1.0,0.0
1189,Suryakumar Yadav ,2015,0.0,1.0,0.0,0.0,1.0,1.0,0.0
1190,Suryakumar Yadav ,2018,0.0,1.0,0.0,0.0,1.0,1.0,0.0
1202,Tim Southee ,2016,0.0,1.0,0.0,0.0,1.0,1.0,0.0
1203,Travis Birt ,2011,0.0,1.0,0.0,0.0,1.0,1.0,0.0
1204,Trent Boult ,2023,0.0,1.0,0.0,0.0,1.0,1.0,0.0
1205,Umar Gul ,2008,0.0,1.0,0.0,0.0,1.0,1.0,0.0
1208,VVS Laxman ,2010,0.0,1.0,0.0,0.0,1.0,1.0,0.0
1209,VVS Laxman ,2011,0.0,1.0,0.0,0.0,1.0,1.0,0.0
1211,Venkatesh Iyer ,2022,0.0,1.0,0.0,0.0,1.0,1.0,0.0
1217,Vijay Shankar ,2023,0.0,1.0,0.0,0.0,1.0,1.0,0.0
1218,Vinay Kumar ,2008,0.0,1.0,0.0,0.0,1.0,1.0,0.0
1230,Virat Kohli ,2019,0.0,1.0,0.0,0.0,1.0,1.0,0.0
1236,Virender Sehwag ,2012,0.0,1.0,0.0,0.0,1.0,1.0,0.0
1238,Wanindu Hasaranga ,2022,0.0,1.0,0.0,0.0,1.0,1.0,0.0
1239,Washington Sundar ,2020,0.0,1.0,0.0,0.0,1.0,1.0,0.0
1240,Washington Sundar ,2022,0.0,1.0,0.0,0.0,1.0,1.0,0.0
1241,Wasim Jaffer ,2008,0.0,1.0,0.0,0.0,1.0,1.0,0.0
1242,Wriddhiman Saha ,2014,0.0,1.0,0.0,0.0,1.0,1.0,0.0
1245,Wriddhiman Saha ,2020,0.0,1.0,0.0,0.0,1.0,1.0,0.0
1247,Wriddhiman Saha ,2022,0.0,1.0,0.0,0.0,1.0,1.0,0.0
1249,Yashasvi Jaiswal ,2020,0.0,1.0,0.0,0.0,1.0,1.0,0.0
1253,Yogesh Takawale ,2008,0.0,1.0,0.0,0.0,1.0,1.0,0.0
1256,Yusuf Pathan ,2012,0.0,1.0,0.0,0.0,1.0,1.0,0.0
1264,Yuvraj Singh ,2014,0.0,1.0,0.0,0.0,1.0,1.0,0.0
