,id,venue_name,city,venue_id,toss_won,decision,pom,points,super_over,team1_overs,team2_overs,winner,team1_key_batters,team1_key_bowlers,team2_key_batters,team2_key_bowlers,date,description,team1,team2,team1_score,team1_runs,team1_wickets,team2_score,team2_runs,team2_wickets,result,live_score_link,match_overs_link,team1_pp_runs_scored,team1_middle_runs_scored,team1_death_runs_scored,team1_pp_run_rate,team1_middle_run_rate,team1_death_run_rate,team1_pp_wickets_lost,team1_middle_wickets_lost,team1_death_wickets_lost,team2_pp_runs_scored,team2_middle_runs_scored,team2_death_runs_scored,team2_pp_run_rate,team2_middle_run_rate,team2_death_run_rate,team2_pp_wickets_lost,team2_middle_wickets_lost,team2_death_wickets_lost,home_team,season,away_team
0,1359475,"Narendra Modi Stadium, Ahmedabad", Ahmedabad,57851,Gujarat Titans,BOWL FIRST,Rashid Khan,"Gujarat Titans 2, Chennai Super Kings 0",False,20,19.2,GT,"Ruturaj Gaikwad , Moeen Ali ","Rajvardhan Hangargekar, Ravindra Jadeja","Shubman Gill , Vijay Shankar ","Rashid Khan, Mohammed Shami", March 31 2023,"1st Match (N), Ahmedabad, March 31, 2023, Indian Premier League",CSK,GT,178/7,178,7,182/5,182,5,Titans won by 5 wickets (with 4 balls remaining),/series/indian-premier-league-2023-1345038/gujarat-titans-vs-chennai-super-kings-1st-match-1359475/live-cricket-score,/series/indian-premier-league-2023-1345038/gujarat-titans-vs-chennai-super-kings-1st-match-1359475/match-overs-comparison,51,82,45,8.5,9.11111111111111,9.0,2,2,3,65,73,44,10.833333333333334,8.11111111111111,8.8,1,3,1,GT,2023,CSK
1,1359476,"Punjab Cricket Association IS Bindra Stadium, Mohali, Chandigarh", Chandigarh,57991,Kolkata Knight Riders,BOWL FIRST,Arshdeep Singh,"Punjab Kings 2, Kolkata Knight Riders 0",False,20,16,PBKS,"Bhanuka Rajapaksa , Shikhar Dhawan ","Arshdeep Singh, Rahul Chahar","Andre Russell , Venkatesh Iyer ","Tim Southee, Varun Chakravarthy", April 01 2023,"2nd Match (D/N), Mohali, April 01, 2023, Indian Premier League",PBKS,KKR,191/5,191,5,146/7,146,7,Punjab Kings won by 7 runs (DLS method),/series/indian-premier-league-2023-1345038/punjab-kings-vs-kolkata-knight-riders-2nd-match-1359476/live-cricket-score,/series/indian-premier-league-2023-1345038/punjab-kings-vs-kolkata-knight-riders-2nd-match-1359476/match-overs-comparison,56,87,48,9.333333333333334,9.666666666666666,9.6,1,3,1,46,90,10,7.666666666666667,10.0,10.0,3,3,1,KXIP,2023,KKR
2,1359477,"Bharat Ratna Shri Atal Bihari Vajpayee Ekana Cricket Stadium, Lucknow", Lucknow,1070094,Delhi Capitals,BOWL FIRST,Mark Wood,"Lucknow Super Giants 2, Delhi Capitals 0",False,20,20,LSG,"Kyle Mayers , Nicholas Pooran ","Mark Wood, Avesh Khan","David Warner , Rilee Rossouw ","Khaleel Ahmed, Chetan Sakariya", April 01 2023,"3rd Match (N), Lucknow, April 01, 2023, Indian Premier League",LSG,DC,193/6,193,6,143/9,143,9,Super Giants won by 50 runs,/series/indian-premier-league-2023-1345038/lucknow-super-giants-vs-delhi-capitals-3rd-match-1359477/live-cricket-score,/series/indian-premier-league-2023-1345038/lucknow-super-giants-vs-delhi-capitals-3rd-match-1359477/match-overs-comparison,30,97,66,5.0,10.777777777777779,13.2,1,3,2,47,63,33,7.833333333333333,7.0,6.6,2,3,4,LSG,2023,DC
3,1359478,"Rajiv Gandhi International Stadium, Uppal, Hyderabad", Hyderabad,58142,Sunrisers Hyderabad,BOWL FIRST,Jos Buttler,"Rajasthan Royals 2, Sunrisers Hyderabad 0",False,20,20,RR,"Sanju Samson , Jos Buttler ","Yuzvendra Chahal, Trent Boult","Abdul Samad *, Mayank Agarwal ","T Natarajan, Fazalhaq Farooqi", April 02 2023,"4th Match (D/N), Hyderabad, April 02, 2023, Indian Premier League",RR,SRH,203/5,203,5,131/8,131,8,Royals won by 72 runs,/series/indian-premier-league-2023-1345038/sunrisers-hyderabad-vs-rajasthan-royals-4th-match-1359478/live-cricket-score,/series/indian-premier-league-2023-1345038/sunrisers-hyderabad-vs-rajasthan-royals-4th-match-1359478/match-overs-comparison,85,75,43,14.166666666666666,8.333333333333334,8.6,1,2,2,30,55,46,5.0,6.111111111111111,9.2,2,5,1,SRH,2023,RR
4,1359479,"M Chinnaswamy Stadium, Bengaluru", Bengaluru,57897,Royal Challengers Bangalore,BOWL FIRST,Faf du Plessis,"Royal Challengers Bangalore 2, Mumbai Indians 0",False,20,16.2,RCB,"Tilak Varma *, Nehal Wadhera ","Arshad Khan, Cameron Green","Virat Kohli *, Faf du Plessis ","Karn Sharma, Mohammed Siraj", April 02 2023,"5th Match (N), Bengaluru, April 02, 2023, Indian Premier League",MI,RCB,171/7,171,7,172/2,172,2,RCB won by 8 wickets (with 22 balls remaining),/series/indian-premier-league-2023-1345038/royal-challengers-bangalore-vs-mumbai-indians-5th-match-1359479/live-cricket-score,/series/indian-premier-league-2023-1345038/royal-challengers-bangalore-vs-mumbai-indians-5th-match-1359479/match-overs-comparison,29,73,69,4.833333333333333,8.11111111111111,13.8,3,2,2,53,95,24,8.833333333333334,10.555555555555555,12.0,0,1,1,RCB,2023,MI
5,1359480,"MA Chidambaram Stadium, Chepauk, Chennai", Chennai,58008,Lucknow Super Giants,BOWL FIRST,Moeen Ali,"Chennai Super Kings 2, Lucknow Super Giants 0",False,20,20,CSK,"Ruturaj Gaikwad , Devon Conway ","Moeen Ali, Tushar Deshpande","Kyle Mayers , Nicholas Pooran ","Ravi Bishnoi, Mark Wood", April 03 2023,"6th Match (N), Chennai, April 03, 2023, Indian Premier League",CSK,LSG,217/7,217,7,205/7,205,7,Super Kings won by 12 runs,/series/indian-premier-league-2023-1345038/chennai-super-kings-vs-lucknow-super-giants-6th-match-1359480/live-cricket-score,/series/indian-premier-league-2023-1345038/chennai-super-kings-vs-lucknow-super-giants-6th-match-1359480/match-overs-comparison,79,85,53,13.166666666666666,9.444444444444445,10.6,0,3,4,80,70,55,13.333333333333334,7.777777777777778,11.0,1,4,2,CSK,2023,LSG
6,1359481,"Arun Jaitley Stadium, Delhi", Delhi,58040,Gujarat Titans,BOWL FIRST,Sai Sudharsan,"Gujarat Titans 2, Delhi Capitals 0",False,20,18.1,GT,"David Warner , Axar Patel ","Anrich Nortje, Mitchell Marsh","Sai Sudharsan *, David Miller *","Rashid Khan, Mohammed Shami", April 04 2023,"7th Match (N), Delhi, April 04, 2023, Indian Premier League",DC,GT,162/8,162,8,163/4,163,4,Titans won by 6 wickets (with 11 balls remaining),/series/indian-premier-league-2023-1345038/delhi-capitals-vs-gujarat-titans-7th-match-1359481/live-cricket-score,/series/indian-premier-league-2023-1345038/delhi-capitals-vs-gujarat-titans-7th-match-1359481/match-overs-comparison,52,69,41,8.666666666666666,7.666666666666667,8.2,2,3,3,54,63,46,9.0,7.0,11.5,3,1,0,DC,2023,GT
7,1359482,"Barsapara Cricket Stadium, Guwahati", Guwahati,680295,Rajasthan Royals,BOWL FIRST,Nathan Ellis,"Punjab Kings 2, Rajasthan Royals 0",False,20,20,PBKS,"Shikhar Dhawan *, Prabhsimran Singh ","Nathan Ellis, Arshdeep Singh","Sanju Samson , Shimron Hetmyer ","Jason Holder, Ravichandran Ashwin", April 05 2023,"8th Match (N), Guwahati, April 05, 2023, Indian Premier League",PBKS,RR,197/4,197,4,192/7,192,7,Punjab Kings won by 5 runs,/series/indian-premier-league-2023-1345038/rajasthan-royals-vs-punjab-kings-8th-match-1359482/live-cricket-score,/series/indian-premier-league-2023-1345038/rajasthan-royals-vs-punjab-kings-8th-match-1359482/match-overs-comparison,63,89,45,10.5,9.88888888888889,9.0,0,1,3,57,67,68,9.5,7.444444444444445,13.6,3,3,1,RR,2023,PBKS
8,1359483,"Eden Gardens, Kolkata", Kolkata,57980,Royal Challengers Bangalore,BOWL FIRST,Shardul Thakur,"Kolkata Knight Riders 2, Royal Challengers Bangalore 0",False,20,17.4,KKR,"Shardul Thakur , Rahmanullah Gurbaz ","Varun Chakravarthy, Suyash Sharma","Faf du Plessis , Virat Kohli ","David Willey, Karn Sharma", April 06 2023,"9th Match (N), Eden Gardens, April 06, 2023, Indian Premier League",KKR,RCB,204/7,204,7,123,123,10,KKR won by 81 runs,/series/indian-premier-league-2023-1345038/kolkata-knight-riders-vs-royal-challengers-bangalore-9th-match-1359483/live-cricket-score,/series/indian-premier-league-2023-1345038/kolkata-knight-riders-vs-royal-challengers-bangalore-9th-match-1359483/match-overs-comparison,47,93,64,7.833333333333333,10.333333333333334,12.8,2,3,2,50,52,21,8.333333333333334,5.777777777777778,7.0,2,7,1,KKR,2023,RCB
9,1359484,"Bharat Ratna Shri Atal Bihari Vajpayee Ekana Cricket Stadium, Lucknow", Lucknow,1070094,Sunrisers Hyderabad,BAT FIRST,Krunal Pandya,"Lucknow Super Giants 2, Sunrisers Hyderabad 0",False,20,16,LSG,"Rahul Tripathi , Anmolpreet Singh ","Adil Rashid, Fazalhaq Farooqi","KL Rahul , Krunal Pandya ","Krunal Pandya, Amit Mishra", April 07 2023,"10th Match (N), Lucknow, April 07, 2023, Indian Premier League",SRH,LSG,121/8,121,8,127/5,127,5,Super Giants won by 5 wickets (with 24 balls remaining),/series/indian-premier-league-2023-1345038/lucknow-super-giants-vs-sunrisers-hyderabad-10th-match-1359484/live-cricket-score,/series/indian-premier-league-2023-1345038/lucknow-super-giants-vs-sunrisers-hyderabad-10th-match-1359484/match-overs-comparison,43,40,38,7.166666666666667,4.444444444444445,7.6,1,3,4,45,73,9,7.5,8.11111111111111,9.0,2,3,0,LSG,2023,SRH
10,1359485,"Barsapara Cricket Stadium, Guwahati", Guwahati,680295,Delhi Capitals,BOWL FIRST,Yashasvi Jaiswal,"Rajasthan Royals 2, Delhi Capitals 0",False,20,20,RR,"Jos Buttler , Yashasvi Jaiswal ","Yuzvendra Chahal, Trent Boult","David Warner , Lalit Yadav ","Mukesh Kumar, Kuldeep Yadav", April 08 2023,"11th Match (D/N), Guwahati, April 08, 2023, Indian Premier League",RR,DC,199/4,199,4,142/9,142,9,Royals won by 57 runs,/series/indian-premier-league-2023-1345038/rajasthan-royals-vs-delhi-capitals-11th-match-1359485/live-cricket-score,/series/indian-premier-league-2023-1345038/rajasthan-royals-vs-delhi-capitals-11th-match-1359485/match-overs-comparison,68,62,69,11.333333333333334,6.888888888888889,13.8,0,3,1,38,75,29,6.333333333333333,8.333333333333334,5.8,3,2,4,RR,2023,DC
11,1359486,"Wankhede Stadium, Mumbai", Mumbai,58324,Chennai Super Kings,BOWL FIRST,Ravindra Jadeja,"Chennai Super Kings 2, Mumbai Indians 0",False,20,18.1,CSK,"Ishan Kishan , Tim David ","Kumar Kartikeya, Jason Behrendorff","Ajinkya Rahane , Ruturaj Gaikwad *","Ravindra Jadeja, Mitchell Santner", April 08 2023,"12th Match (N), Wankhede, April 08, 2023, Indian Premier League",MI,CSK,157/8,157,8,159/3,159,3,Super Kings won by 7 wickets (with 11 balls remaining),/series/indian-premier-league-2023-1345038/mumbai-indians-vs-chennai-super-kings-12th-match-1359486/live-cricket-score,/series/indian-premier-league-2023-1345038/mumbai-indians-vs-chennai-super-kings-12th-match-1359486/match-overs-comparison,61,48,48,10.166666666666666,5.333333333333333,9.6,1,5,2,68,66,25,11.333333333333334,7.333333333333333,6.25,1,2,0,MI,2023,CSK
12,1359487,"Narendra Modi Stadium, Ahmedabad", Ahmedabad,57851,Gujarat Titans,BAT FIRST,Rinku Singh,"Kolkata Knight Riders 2, Gujarat Titans 0",False,20,20,KKR,"Vijay Shankar *, Sai Sudharsan ","Rashid Khan, Alzarri Joseph","Venkatesh Iyer , Rinku Singh *","Sunil Narine, Suyash Sharma", April 09 2023,"13th Match (D/N), Ahmedabad, April 09, 2023, Indian Premier League",GT,KKR,204/4,204,4,207/7,207,7,KKR won by 3 wickets (with 0 balls remaining),/series/indian-premier-league-2023-1345038/gujarat-titans-vs-kolkata-knight-riders-13th-match-1359487/live-cricket-score,/series/indian-premier-league-2023-1345038/gujarat-titans-vs-kolkata-knight-riders-13th-match-1359487/match-overs-comparison,54,78,72,9.0,8.666666666666666,14.4,1,2,1,43,106,58,7.166666666666667,11.777777777777779,11.6,2,1,4,GT,2023,KKR
13,1359488,"Rajiv Gandhi International Stadium, Uppal, Hyderabad", Hyderabad,58142,Sunrisers Hyderabad,BOWL FIRST,Shikhar Dhawan,"Sunrisers Hyderabad 2, Punjab Kings 0",False,20,17.1,SRH,"Shikhar Dhawan *, Sam Curran ","Arshdeep Singh, Rahul Chahar","Rahul Tripathi *, Aiden Markram *","Mayank Markande, Marco Jansen", April 09 2023,"14th Match (N), Hyderabad, April 09, 2023, Indian Premier League",PBKS,SRH,143/9,143,9,145/2,145,2,Sunrisers won by 8 wickets (with 17 balls remaining),/series/indian-premier-league-2023-1345038/sunrisers-hyderabad-vs-punjab-kings-14th-match-1359488/live-cricket-score,/series/indian-premier-league-2023-1345038/sunrisers-hyderabad-vs-punjab-kings-14th-match-1359488/match-overs-comparison,41,47,55,6.833333333333333,5.222222222222222,11.0,3,6,0,34,84,27,5.666666666666667,9.333333333333334,9.0,1,1,0,SRH,2023,PBKS
14,1359489,"M Chinnaswamy Stadium, Bengaluru", Bengaluru,57897,Lucknow Super Giants,BOWL FIRST,Nicholas Pooran,"Lucknow Super Giants 2, Royal Challengers Bangalore 0",False,20,20,LSG,"Faf du Plessis *, Virat Kohli ","Mohammed Siraj, Wayne Parnell","Marcus Stoinis , Nicholas Pooran ","Mark Wood, Amit Mishra", April 10 2023,"15th Match (N), Bengaluru, April 10, 2023, Indian Premier League",RCB,LSG,212/2,212,2,213/9,213,9,Super Giants won by 1 wicket (with 0 balls remaining),/series/indian-premier-league-2023-1345038/royal-challengers-bangalore-vs-lucknow-super-giants-15th-match-1359489/live-cricket-score,/series/indian-premier-league-2023-1345038/royal-challengers-bangalore-vs-lucknow-super-giants-15th-match-1359489/match-overs-comparison,56,81,75,9.333333333333334,9.0,15.0,0,1,1,37,134,42,6.166666666666667,14.88888888888889,8.4,3,2,4,RCB,2023,LSG
15,1359490,"Arun Jaitley Stadium, Delhi", Delhi,58040,Mumbai Indians,BOWL FIRST,Rohit Sharma,"Mumbai Indians 2, Delhi Capitals 0",False,19.4,20,MI,"Axar Patel , David Warner ","Mukesh Kumar, Mustafizur Rahman","Rohit Sharma , Tilak Varma ","Piyush Chawla, Jason Behrendorff", April 11 2023,"16th Match (N), Delhi, April 11, 2023, Indian Premier League",DC,MI,172,172,10,173/4,173,4,Mumbai won by 6 wickets (with 0 balls remaining),/series/indian-premier-league-2023-1345038/delhi-capitals-vs-mumbai-indians-16th-match-1359490/live-cricket-score,/series/indian-premier-league-2023-1345038/delhi-capitals-vs-mumbai-indians-16th-match-1359490/match-overs-comparison,51,72,49,8.5,8.0,9.8,1,4,5,68,55,50,11.333333333333334,6.111111111111111,10.0,0,1,3,DC,2023,MI
16,1359491,"MA Chidambaram Stadium, Chepauk, Chennai", Chennai,58008,Chennai Super Kings,BOWL FIRST,Ravichandran Ashwin,"Rajasthan Royals 2, Chennai Super Kings 0",False,20,20,RR,"Jos Buttler , Devdutt Padikkal ","Ravichandran Ashwin, Yuzvendra Chahal","Devon Conway , MS Dhoni *","Ravindra Jadeja, Tushar Deshpande", April 12 2023,"17th Match (N), Chennai, April 12, 2023, Indian Premier League",RR,CSK,175/8,175,8,172/6,172,6,Royals won by 3 runs,/series/indian-premier-league-2023-1345038/chennai-super-kings-vs-rajasthan-royals-17th-match-1359491/live-cricket-score,/series/indian-premier-league-2023-1345038/chennai-super-kings-vs-rajasthan-royals-17th-match-1359491/match-overs-comparison,57,78,40,9.5,8.666666666666666,8.0,1,3,4,45,68,59,7.5,7.555555555555555,11.8,1,5,0,CSK,2023,RR
17,1359492,"Punjab Cricket Association IS Bindra Stadium, Mohali, Chandigarh", Chandigarh,57991,Gujarat Titans,BOWL FIRST,Mohit Sharma,"Gujarat Titans 2, Punjab Kings 0",False,20,19.5,GT,"Matthew Short , Jitesh Sharma ","Harpreet Brar, Sam Curran","Shubman Gill , Wriddhiman Saha ","Mohit Sharma, Rashid Khan", April 13 2023,"18th Match (N), Mohali, April 13, 2023, Indian Premier League",PBKS,GT,153/8,153,8,154/4,154,4,Titans won by 6 wickets (with 1 ball remaining),/series/indian-premier-league-2023-1345038/punjab-kings-vs-gujarat-titans-18th-match-1359492/live-cricket-score,/series/indian-premier-league-2023-1345038/punjab-kings-vs-gujarat-titans-18th-match-1359492/match-overs-comparison,52,47,54,8.666666666666666,5.222222222222222,10.8,2,2,4,56,55,43,9.333333333333334,6.111111111111111,8.6,1,2,1,KXIP,2023,GT
18,1359493,"Eden Gardens, Kolkata", Kolkata,57980,Kolkata Knight Riders,BOWL FIRST,Harry Brook,"Sunrisers Hyderabad 2, Kolkata Knight Riders 0",False,20,20,SRH,"Harry Brook *, Aiden Markram ","Mayank Markande, Marco Jansen","Nitish Rana , Rinku Singh *","Andre Russell, Varun Chakravarthy", April 14 2023,"19th Match (N), Eden Gardens, April 14, 2023, Indian Premier League",SRH,KKR,228/4,228,4,205/7,205,7,Sunrisers won by 23 runs,/series/indian-premier-league-2023-1345038/kolkata-knight-riders-vs-sunrisers-hyderabad-19th-match-1359493/live-cricket-score,/series/indian-premier-league-2023-1345038/kolkata-knight-riders-vs-sunrisers-hyderabad-19th-match-1359493/match-overs-comparison,65,92,71,10.833333333333334,10.222222222222221,14.2,2,1,1,62,80,63,10.333333333333334,8.88888888888889,12.6,3,2,2,KKR,2023,SRH
19,1359494,"M Chinnaswamy Stadium, Bengaluru", Bengaluru,57897,Delhi Capitals,BOWL FIRST,Virat Kohli,"Royal Challengers Bangalore 2, Delhi Capitals 0",False,20,20,RCB,"Virat Kohli , Mahipal Lomror ","Vijaykumar Vyshak, Mohammed Siraj","Manish Pandey , Anrich Nortje *","Kuldeep Yadav, Mitchell Marsh", April 15 2023,"20th Match (D/N), Bengaluru, April 15, 2023, Indian Premier League",RCB,DC,174/6,174,6,151/9,151,9,RCB won by 23 runs,/series/indian-premier-league-2023-1345038/royal-challengers-bangalore-vs-delhi-capitals-20th-match-1359494/live-cricket-score,/series/indian-premier-league-2023-1345038/royal-challengers-bangalore-vs-delhi-capitals-20th-match-1359494/match-overs-comparison,47,87,40,7.833333333333333,9.666666666666666,8.0,1,5,0,32,76,43,5.333333333333333,8.444444444444445,8.6,4,3,2,RCB,2023,DC
20,1359495,"Bharat Ratna Shri Atal Bihari Vajpayee Ekana Cricket Stadium, Lucknow", Lucknow,1070094,Punjab Kings,BOWL FIRST,Sikandar Raza,"Punjab Kings 2, Lucknow Super Giants 0",False,20,19.3,PBKS,"KL Rahul , Kyle Mayers ","Yudhvir Singh, Ravi Bishnoi","Sikandar Raza , Matthew Short ","Sam Curran, Kagiso Rabada", April 15 2023,"21st Match (N), Lucknow, April 15, 2023, Indian Premier League",LSG,PBKS,159/8,159,8,161/8,161,8,Punjab Kings won by 2 wickets (with 3 balls remaining),/series/indian-premier-league-2023-1345038/lucknow-super-giants-vs-punjab-kings-21st-match-1359495/live-cricket-score,/series/indian-premier-league-2023-1345038/lucknow-super-giants-vs-punjab-kings-21st-match-1359495/match-overs-comparison,49,62,48,8.166666666666666,6.888888888888889,9.6,0,4,4,45,70,46,7.5,7.777777777777778,9.2,3,2,3,LSG,2023,PBKS
21,1359496,"Wankhede Stadium, Mumbai", Mumbai,58324,Mumbai Indians,BOWL FIRST,Venkatesh Iyer,"Mumbai Indians 2, Kolkata Knight Riders 0",False,20,17.4,MI,"Venkatesh Iyer , Andre Russell *","Suyash Sharma, Varun Chakravarthy","Ishan Kishan , Suryakumar Yadav ","Hrithik Shokeen, Piyush Chawla", April 16 2023,"22nd Match (D/N), Wankhede, April 16, 2023, Indian Premier League",KKR,MI,185/6,185,6,186/5,186,5,Mumbai won by 5 wickets (with 14 balls remaining),/series/indian-premier-league-2023-1345038/mumbai-indians-vs-kolkata-knight-riders-22nd-match-1359496/live-cricket-score,/series/indian-premier-league-2023-1345038/mumbai-indians-vs-kolkata-knight-riders-22nd-match-1359496/match-overs-comparison,57,83,45,9.5,9.222222222222221,9.0,2,2,2,72,91,23,12.0,10.11111111111111,7.666666666666667,1,2,2,MI,2023,KKR
22,1359497,"Narendra Modi Stadium, Ahmedabad", Ahmedabad,57851,Rajasthan Royals,BOWL FIRST,Shimron Hetmyer,"Rajasthan Royals 2, Gujarat Titans 0",False,20,19.2,RR,"David Miller , Shubman Gill ","Mohammed Shami, Rashid Khan","Sanju Samson , Shimron Hetmyer *","Sandeep Sharma, Adam Zampa", April 16 2023,"23rd Match (N), Ahmedabad, April 16, 2023, Indian Premier League",GT,RR,177/7,177,7,179/7,179,7,Royals won by 3 wickets (with 4 balls remaining),/series/indian-premier-league-2023-1345038/gujarat-titans-vs-rajasthan-royals-23rd-match-1359497/live-cricket-score,/series/indian-premier-league-2023-1345038/gujarat-titans-vs-rajasthan-royals-23rd-match-1359497/match-overs-comparison,42,77,58,7.0,8.555555555555555,11.6,2,1,4,26,88,65,4.333333333333333,9.777777777777779,13.0,2,3,2,GT,2023,RR
23,1359498,"M Chinnaswamy Stadium, Bengaluru", Bengaluru,57897,Royal Challengers Bangalore,BOWL FIRST,Devon Conway,"Chennai Super Kings 2, Royal Challengers Bangalore 0",False,20,20,CSK,"Devon Conway , Shivam Dube ","Tushar Deshpande, Matheesha Pathirana","Glenn Maxwell , Faf du Plessis ","Mohammed Siraj, Glenn Maxwell", April 17 2023,"24th Match (N), Bengaluru, April 17, 2023, Indian Premier League",CSK,RCB,226/6,226,6,218/8,218,8,Super Kings won by 8 runs,/series/indian-premier-league-2023-1345038/royal-challengers-bangalore-vs-chennai-super-kings-24th-match-1359498/live-cricket-score,/series/indian-premier-league-2023-1345038/royal-challengers-bangalore-vs-chennai-super-kings-24th-match-1359498/match-overs-comparison,53,112,61,8.833333333333334,12.444444444444445,12.2,1,1,4,75,94,49,12.5,10.444444444444445,9.8,2,2,4,RCB,2023,CSK
24,1359499,"Rajiv Gandhi International Stadium, Uppal, Hyderabad", Hyderabad,58142,Sunrisers Hyderabad,BOWL FIRST,Cameron Green,"Mumbai Indians 2, Sunrisers Hyderabad 0",False,20,19.5,MI,"Cameron Green *, Ishan Kishan ","Riley Meredith, Jason Behrendorff","Mayank Agarwal , Heinrich Klaasen ","Marco Jansen, Bhuvneshwar Kumar", April 18 2023,"25th Match (N), Hyderabad, April 18, 2023, Indian Premier League",MI,SRH,192/5,192,5,178,178,10,Mumbai won by 14 runs,/series/indian-premier-league-2023-1345038/sunrisers-hyderabad-vs-mumbai-indians-25th-match-1359499/live-cricket-score,/series/indian-premier-league-2023-1345038/sunrisers-hyderabad-vs-mumbai-indians-25th-match-1359499/match-overs-comparison,53,77,62,8.833333333333334,8.555555555555555,12.4,1,2,2,42,91,45,7.0,10.11111111111111,9.0,2,4,4,SRH,2023,MI
25,1359500,"Sawai Mansingh Stadium, Jaipur", Jaipur,58162,Rajasthan Royals,BOWL FIRST,Marcus Stoinis,"Lucknow Super Giants 2, Rajasthan Royals 0",False,20,20,LSG,"Kyle Mayers , KL Rahul ","Avesh Khan, Marcus Stoinis","Yashasvi Jaiswal , Jos Buttler ","Ravichandran Ashwin, Trent Boult", April 19 2023,"26th Match (N), Jaipur, April 19, 2023, Indian Premier League",LSG,RR,154/7,154,7,144/6,144,6,Super Giants won by 10 runs,/series/indian-premier-league-2023-1345038/rajasthan-royals-vs-lucknow-super-giants-26th-match-1359500/live-cricket-score,/series/indian-premier-league-2023-1345038/rajasthan-royals-vs-lucknow-super-giants-26th-match-1359500/match-overs-comparison,37,72,45,6.166666666666667,8.0,9.0,0,4,3,47,57,40,7.833333333333333,6.333333333333333,8.0,0,3,3,RR,2023,LSG
26,1359501,"Punjab Cricket Association IS Bindra Stadium, Mohali, Chandigarh", Chandigarh,57991,Punjab Kings,BOWL FIRST,Mohammed Siraj,"Royal Challengers Bangalore 2, Punjab Kings 0",False,20,18.2,RCB,"Faf du Plessis , Virat Kohli ","Mohammed Siraj, Wanindu Hasaranga","Prabhsimran Singh , Jitesh Sharma ","Harpreet Brar, Arshdeep Singh", April 20 2023,"27th Match (D/N), Mohali, April 20, 2023, Indian Premier League",RCB,PBKS,174/4,174,4,150,150,10,RCB won by 24 runs,/series/indian-premier-league-2023-1345038/punjab-kings-vs-royal-challengers-bangalore-27th-match-1359501/live-cricket-score,/series/indian-premier-league-2023-1345038/punjab-kings-vs-royal-challengers-bangalore-27th-match-1359501/match-overs-comparison,59,71,44,9.833333333333334,7.888888888888889,8.8,0,0,4,49,76,25,8.166666666666666,8.444444444444445,6.25,4,3,3,KXIP,2023,PBKS
27,1359502,"Arun Jaitley Stadium, Delhi", Delhi,58040,Delhi Capitals,BOWL FIRST,Ishant Sharma,"Delhi Capitals 2, Kolkata Knight Riders 0",False,20,19.2,DC,"Jason Roy , Andre Russell *","Varun Chakravarthy, Nitish Rana","David Warner , Manish Pandey ","Axar Patel, Ishant Sharma", April 20 2023,"28th Match (N), Delhi, April 20, 2023, Indian Premier League",KKR,DC,127,127,10,128/6,128,6,Capitals won by 4 wickets (with 4 balls remaining),/series/indian-premier-league-2023-1345038/delhi-capitals-vs-kolkata-knight-riders-28th-match-1359502/live-cricket-score,/series/indian-premier-league-2023-1345038/delhi-capitals-vs-kolkata-knight-riders-28th-match-1359502/match-overs-comparison,35,59,33,5.833333333333333,6.555555555555555,6.6,3,5,2,61,43,24,10.166666666666666,4.777777777777778,4.8,1,3,2,DC,2023,KKR
28,1359503,"MA Chidambaram Stadium, Chepauk, Chennai", Chennai,58008,Chennai Super Kings,BOWL FIRST,Ravindra Jadeja,"Chennai Super Kings 2, Sunrisers Hyderabad 0",False,20,18.4,CSK,"Abhishek Sharma , Rahul Tripathi ","Mayank Markande, Bhuvneshwar Kumar","Devon Conway *, Ruturaj Gaikwad ","Ravindra Jadeja, Matheesha Pathirana", April 21 2023,"29th Match (N), Chennai, April 21, 2023, Indian Premier League",SRH,CSK,134/7,134,7,138/3,138,3,Super Kings won by 7 wickets (with 8 balls remaining),/series/indian-premier-league-2023-1345038/chennai-super-kings-vs-sunrisers-hyderabad-29th-match-1359503/live-cricket-score,/series/indian-premier-league-2023-1345038/chennai-super-kings-vs-sunrisers-hyderabad-29th-match-1359503/match-overs-comparison,45,57,32,7.5,6.333333333333333,6.4,1,4,2,60,51,27,10.0,5.666666666666667,6.75,0,2,1,CSK,2023,SRH
29,1359504,"Bharat Ratna Shri Atal Bihari Vajpayee Ekana Cricket Stadium, Lucknow", Lucknow,1070094,Gujarat Titans,BAT FIRST,Mohit Sharma,"Gujarat Titans 2, Lucknow Super Giants 0",False,20,20,GT,"Hardik Pandya , Wriddhiman Saha ","Noor Ahmad, Mohit Sharma","KL Rahul , Kyle Mayers ","Krunal Pandya, Marcus Stoinis", April 22 2023,"30th Match (D/N), Lucknow, April 22, 2023, Indian Premier League",GT,LSG,135/6,135,6,128/7,128,7,Titans won by 7 runs,/series/indian-premier-league-2023-1345038/lucknow-super-giants-vs-gujarat-titans-30th-match-1359504/live-cricket-score,/series/indian-premier-league-2023-1345038/lucknow-super-giants-vs-gujarat-titans-30th-match-1359504/match-overs-comparison,40,52,43,6.666666666666667,5.777777777777778,8.6,1,3,2,53,53,22,8.833333333333334,5.888888888888889,4.4,0,2,5,LSG,2023,GT
30,1359505,"Wankhede Stadium, Mumbai", Mumbai,58324,Mumbai Indians,BOWL FIRST,Sam Curran,"Punjab Kings 2, Mumbai Indians 0",False,20,20,PBKS,"Sam Curran , Harpreet Singh ","Arshdeep Singh, Nathan Ellis","Cameron Green , Suryakumar Yadav ","Piyush Chawla, Cameron Green", April 22 2023,"31st Match (N), Wankhede, April 22, 2023, Indian Premier League",PBKS,MI,214/8,214,8,201/6,201,6,Punjab Kings won by 13 runs,/series/indian-premier-league-2023-1345038/mumbai-indians-vs-punjab-kings-31st-match-1359505/live-cricket-score,/series/indian-premier-league-2023-1345038/mumbai-indians-vs-punjab-kings-31st-match-1359505/match-overs-comparison,58,60,96,9.666666666666666,6.666666666666667,19.2,1,3,4,54,95,52,9.0,10.555555555555555,10.4,1,1,4,MI,2023,PBKS
31,1359506,"M Chinnaswamy Stadium, Bengaluru", Bengaluru,57897,Rajasthan Royals,BOWL FIRST,Glenn Maxwell,"Royal Challengers Bangalore 2, Rajasthan Royals 0",False,20,20,RCB,"Glenn Maxwell , Faf du Plessis ","Harshal Patel, David Willey","Devdutt Padikkal , Yashasvi Jaiswal ","Trent Boult, Sandeep Sharma", April 23 2023,"32nd Match (D/N), Bengaluru, April 23, 2023, Indian Premier League",RCB,RR,189/9,189,9,182/6,182,6,RCB won by 7 runs,/series/indian-premier-league-2023-1345038/royal-challengers-bangalore-vs-rajasthan-royals-32nd-match-1359506/live-cricket-score,/series/indian-premier-league-2023-1345038/royal-challengers-bangalore-vs-rajasthan-royals-32nd-match-1359506/match-overs-comparison,62,94,33,10.333333333333334,10.444444444444445,6.6,2,2,5,47,74,61,7.833333333333333,8.222222222222221,12.2,1,2,3,RCB,2023,RR
32,1359507,"Eden Gardens, Kolkata", Kolkata,57980,Kolkata Knight Riders,BOWL FIRST,Ajinkya Rahane,"Chennai Super Kings 2, Kolkata Knight Riders 0",False,20,20,CSK,"Ajinkya Rahane *, Devon Conway ","Maheesh Theekshana, Tushar Deshpande","Jason Roy , Rinku Singh *","Kulwant Khejroliya, Suyash Sharma", April 23 2023,"33rd Match (N), Eden Gardens, April 23, 2023, Indian Premier League",CSK,KKR,235/4,235,4,186/8,186,8,Super Kings won by 49 runs,/series/indian-premier-league-2023-1345038/kolkata-knight-riders-vs-chennai-super-kings-33rd-match-1359507/live-cricket-score,/series/indian-premier-league-2023-1345038/kolkata-knight-riders-vs-chennai-super-kings-33rd-match-1359507/match-overs-comparison,59,101,75,9.833333333333334,11.222222222222221,15.0,0,2,2,38,99,49,6.333333333333333,11.0,9.8,2,3,3,KKR,2023,CSK
33,1359508,"Rajiv Gandhi International Stadium, Uppal, Hyderabad", Hyderabad,58142,Delhi Capitals,BAT FIRST,Axar Patel,"Delhi Capitals 2, Sunrisers Hyderabad 0",False,20,20,DC,"Manish Pandey , Axar Patel ","Axar Patel, Anrich Nortje","Mayank Agarwal , Heinrich Klaasen ","Washington Sundar, Bhuvneshwar Kumar", April 24 2023,"34th Match (N), Hyderabad, April 24, 2023, Indian Premier League",DC,SRH,144/9,144,9,137/6,137,6,Capitals won by 7 runs,/series/indian-premier-league-2023-1345038/sunrisers-hyderabad-vs-delhi-capitals-34th-match-1359508/live-cricket-score,/series/indian-premier-league-2023-1345038/sunrisers-hyderabad-vs-delhi-capitals-34th-match-1359508/match-overs-comparison,49,57,38,8.166666666666666,6.333333333333333,7.6,2,3,4,36,53,48,6.0,5.888888888888889,9.6,1,4,1,SRH,2023,DC
34,1359509,"Narendra Modi Stadium, Ahmedabad", Ahmedabad,57851,Mumbai Indians,BOWL FIRST,Abhinav Manohar,"Gujarat Titans 2, Mumbai Indians 0",False,20,20,GT,"Shubman Gill , David Miller ","Noor Ahmad, Rashid Khan","Nehal Wadhera , Cameron Green ","Piyush Chawla, Arjun Tendulkar", April 25 2023,"35th Match (N), Ahmedabad, April 25, 2023, Indian Premier League",GT,MI,207/6,207,6,152/9,152,9,Titans won by 55 runs,/series/indian-premier-league-2023-1345038/gujarat-titans-vs-mumbai-indians-35th-match-1359509/live-cricket-score,/series/indian-premier-league-2023-1345038/gujarat-titans-vs-mumbai-indians-35th-match-1359509/match-overs-comparison,50,80,77,8.333333333333334,8.88888888888889,15.4,1,3,2,29,83,40,4.833333333333333,9.222222222222221,8.0,1,5,3,GT,2023,MI
35,1359510,"M Chinnaswamy Stadium, Bengaluru", Bengaluru,57897,Royal Challengers Bangalore,BOWL FIRST,Varun Chakravarthy,"Kolkata Knight Riders 2, Royal Challengers Bangalore 0",False,20,20,KKR,"Jason Roy , Nitish Rana ","Varun Chakravarthy, Andre Russell","Virat Kohli , Mahipal Lomror ","Wanindu Hasaranga, Vijaykumar Vyshak", April 26 2023,"36th Match (N), Bengaluru, April 26, 2023, Indian Premier League",KKR,RCB,200/5,200,5,179/8,179,8,KKR won by 21 runs,/series/indian-premier-league-2023-1345038/royal-challengers-bangalore-vs-kolkata-knight-riders-36th-match-1359510/live-cricket-score,/series/indian-premier-league-2023-1345038/royal-challengers-bangalore-vs-kolkata-knight-riders-36th-match-1359510/match-overs-comparison,66,65,69,11.0,7.222222222222222,13.8,0,2,3,58,80,41,9.666666666666666,8.88888888888889,8.2,3,3,2,RCB,2023,KKR
36,1359511,"Sawai Mansingh Stadium, Jaipur", Jaipur,58162,Rajasthan Royals,BAT FIRST,Yashasvi Jaiswal,"Rajasthan Royals 2, Chennai Super Kings 0",False,20,20,RR,"Yashasvi Jaiswal , Dhruv Jurel ","Adam Zampa, Ravichandran Ashwin","Shivam Dube , Ruturaj Gaikwad ","Tushar Deshpande, Maheesh Theekshana", April 27 2023,"37th Match (N), Jaipur, April 27, 2023, Indian Premier League",RR,CSK,202/5,202,5,170/6,170,6,Royals won by 32 runs,/series/indian-premier-league-2023-1345038/rajasthan-royals-vs-chennai-super-kings-37th-match-1359511/live-cricket-score,/series/indian-premier-league-2023-1345038/rajasthan-royals-vs-chennai-super-kings-37th-match-1359511/match-overs-comparison,,,,,,,,,,,,,,,,,,,RR,2023,CSK
37,1359512,"Punjab Cricket Association IS Bindra Stadium, Mohali, Chandigarh", Chandigarh,57991,Punjab Kings,BOWL FIRST,Marcus Stoinis,"Lucknow Super Giants 2, Punjab Kings 0",False,20,19.5,LSG,"Marcus Stoinis , Kyle Mayers ","Yash Thakur, Naveen-ul-Haq","Atharva Taide , Sikandar Raza ","Kagiso Rabada, Sam Curran", April 28 2023,"38th Match (N), Mohali, April 28, 2023, Indian Premier League",LSG,PBKS,257/5,257,5,201,201,10,Super Giants won by 56 runs,/series/indian-premier-league-2023-1345038/punjab-kings-vs-lucknow-super-giants-38th-match-1359512/live-cricket-score,/series/indian-premier-league-2023-1345038/punjab-kings-vs-lucknow-super-giants-38th-match-1359512/match-overs-comparison,,,,,,,,,,,,,,,,,,,KXIP,2023,PBKS
38,1359513,"Eden Gardens, Kolkata", Kolkata,57980,Gujarat Titans,BOWL FIRST,Josh Little,"Gujarat Titans 2, Kolkata Knight Riders 0",False,20,17.5,GT,"Rahmanullah Gurbaz , Andre Russell ","Sunil Narine, Harshit Rana","Vijay Shankar *, Shubman Gill ","Mohammed Shami, Noor Ahmad", April 29 2023,"39th Match (D/N), Eden Gardens, April 29, 2023, Indian Premier League",KKR,GT,179/7,179,7,180/3,180,3,Titans won by 7 wickets (with 13 balls remaining),/series/indian-premier-league-2023-1345038/kolkata-knight-riders-vs-gujarat-titans-39th-match-1359513/live-cricket-score,/series/indian-premier-league-2023-1345038/kolkata-knight-riders-vs-gujarat-titans-39th-match-1359513/match-overs-comparison,61,73,45,10.166666666666666,8.11111111111111,9.0,2,2,3,52,77,51,8.666666666666666,8.555555555555555,17.0,1,2,0,KKR,2023,GT
39,1359514,"Arun Jaitley Stadium, Delhi", Delhi,58040,Sunrisers Hyderabad,BAT FIRST,Mitchell Marsh,"Sunrisers Hyderabad 2, Delhi Capitals 0",False,20,20,SRH,"Abhishek Sharma , Heinrich Klaasen *","Mayank Markande, T Natarajan","Mitchell Marsh , Phil Salt ","Mitchell Marsh, Axar Patel", April 29 2023,"40th Match (N), Delhi, April 29, 2023, Indian Premier League",SRH,DC,197/6,197,6,188/6,188,6,Sunrisers won by 9 runs,/series/indian-premier-league-2023-1345038/delhi-capitals-vs-sunrisers-hyderabad-40th-match-1359514/live-cricket-score,/series/indian-premier-league-2023-1345038/delhi-capitals-vs-sunrisers-hyderabad-40th-match-1359514/match-overs-comparison,62,73,62,10.333333333333334,8.11111111111111,12.4,2,3,1,57,81,50,9.5,9.0,10.0,1,3,2,DC,2023,SRH
40,1359515,"MA Chidambaram Stadium, Chepauk, Chennai", Chennai,58008,Chennai Super Kings,BAT FIRST,Devon Conway,"Punjab Kings 2, Chennai Super Kings 0",False,20,20,PBKS,"Devon Conway *, Ruturaj Gaikwad ","Tushar Deshpande, Ravindra Jadeja","Prabhsimran Singh , Liam Livingstone ","Rahul Chahar, Arshdeep Singh", April 30 2023,"41st Match (D/N), Chennai, April 30, 2023, Indian Premier League",CSK,PBKS,200/4,200,4,201/6,201,6,Punjab Kings won by 4 wickets (with 0 balls remaining),/series/indian-premier-league-2023-1345038/chennai-super-kings-vs-punjab-kings-41st-match-1359515/live-cricket-score,/series/indian-premier-league-2023-1345038/chennai-super-kings-vs-punjab-kings-41st-match-1359515/match-overs-comparison,57,89,54,9.5,9.88888888888889,10.8,0,2,2,62,67,72,10.333333333333334,7.444444444444445,14.4,1,2,3,CSK,2023,PBKS
41,1359516,"Wankhede Stadium, Mumbai", Mumbai,58324,Rajasthan Royals,BAT FIRST,Yashasvi Jaiswal,"Mumbai Indians 2, Rajasthan Royals 0",False,20,19.3,MI,"Yashasvi Jaiswal , Jos Buttler ","Ravichandran Ashwin, Sandeep Sharma","Suryakumar Yadav , Tim David *","Arshad Khan, Piyush Chawla", April 30 2023,"42nd Match (N), Wankhede, April 30, 2023, Indian Premier League",RR,MI,212/7,212,7,214/4,214,4,Mumbai won by 6 wickets (with 3 balls remaining),/series/indian-premier-league-2023-1345038/mumbai-indians-vs-rajasthan-royals-42nd-match-1359516/live-cricket-score,/series/indian-premier-league-2023-1345038/mumbai-indians-vs-rajasthan-royals-42nd-match-1359516/match-overs-comparison,65,78,69,10.833333333333334,8.666666666666666,13.8,0,4,3,58,92,64,9.666666666666666,10.222222222222221,12.8,1,2,1,MI,2023,RR
42,1359517,"Bharat Ratna Shri Atal Bihari Vajpayee Ekana Cricket Stadium, Lucknow", Lucknow,1070094,Royal Challengers Bangalore,BAT FIRST,Faf du Plessis,"Royal Challengers Bangalore 2, Lucknow Super Giants 0",False,20,19.5,RCB,"Faf du Plessis , Virat Kohli ","Josh Hazlewood, Karn Sharma","Krishnappa Gowtham , Amit Mishra ","Naveen-ul-Haq, Ravi Bishnoi", May 01 2023,"43rd Match (N), Lucknow, May 01, 2023, Indian Premier League",RCB,LSG,126/9,126,9,108,108,10,RCB won by 18 runs,/series/indian-premier-league-2023-1345038/lucknow-super-giants-vs-royal-challengers-bangalore-43rd-match-1359517/live-cricket-score,/series/indian-premier-league-2023-1345038/lucknow-super-giants-vs-royal-challengers-bangalore-43rd-match-1359517/match-overs-comparison,42,50,34,7.0,5.555555555555555,6.8,0,4,5,34,44,30,5.666666666666667,4.888888888888889,6.0,4,4,2,LSG,2023,RCB
43,1359518,"Narendra Modi Stadium, Ahmedabad", Ahmedabad,57851,Delhi Capitals,BAT FIRST,Mohammed Shami,"Delhi Capitals 2, Gujarat Titans 0",False,20,20,DC,"Aman Hakim Khan , Axar Patel ","Ishant Sharma, Khaleel Ahmed","Hardik Pandya *, Abhinav Manohar ","Mohammed Shami, Mohit Sharma", May 02 2023,"44th Match (N), Ahmedabad, May 02, 2023, Indian Premier League",DC,GT,130/8,130,8,125/6,125,6,Capitals won by 5 runs,/series/indian-premier-league-2023-1345038/gujarat-titans-vs-delhi-capitals-44th-match-1359518/live-cricket-score,/series/indian-premier-league-2023-1345038/gujarat-titans-vs-delhi-capitals-44th-match-1359518/match-overs-comparison,28,50,52,4.666666666666667,5.555555555555555,10.4,5,1,2,31,48,46,5.166666666666667,5.333333333333333,9.2,3,1,2,GT,2023,DC
44,1359520,"Punjab Cricket Association IS Bindra Stadium, Mohali, Chandigarh", Chandigarh,57991,Mumbai Indians,BOWL FIRST,Ishan Kishan,"Mumbai Indians 2, Punjab Kings 0",False,20,18.5,MI,"Liam Livingstone *, Jitesh Sharma *","Nathan Ellis, Rishi Dhawan","Ishan Kishan , Suryakumar Yadav ","Piyush Chawla, Arshad Khan", May 03 2023,"46th Match (N), Mohali, May 03, 2023, Indian Premier League",PBKS,MI,214/3,214,3,216/4,216,4,Mumbai won by 6 wickets (with 7 balls remaining),/series/indian-premier-league-2023-1345038/punjab-kings-vs-mumbai-indians-46th-match-1359520/live-cricket-score,/series/indian-premier-league-2023-1345038/punjab-kings-vs-mumbai-indians-46th-match-1359520/match-overs-comparison,50,95,69,8.333333333333334,10.555555555555555,13.8,1,2,0,54,116,46,9.0,12.88888888888889,11.5,2,0,2,KXIP,2023,MI
45,1359521,"Rajiv Gandhi International Stadium, Uppal, Hyderabad", Hyderabad,58142,Kolkata Knight Riders,BAT FIRST,Varun Chakravarthy,"Kolkata Knight Riders 2, Sunrisers Hyderabad 0",False,20,20,KKR,"Rinku Singh , Nitish Rana ","Shardul Thakur, Vaibhav Arora","Aiden Markram , Heinrich Klaasen ","T Natarajan, Marco Jansen", May 04 2023,"47th Match (N), Hyderabad, May 04, 2023, Indian Premier League",KKR,SRH,171/9,171,9,166/8,166,8,KKR won by 5 runs,/series/indian-premier-league-2023-1345038/sunrisers-hyderabad-vs-kolkata-knight-riders-47th-match-1359521/live-cricket-score,/series/indian-premier-league-2023-1345038/sunrisers-hyderabad-vs-kolkata-knight-riders-47th-match-1359521/match-overs-comparison,49,80,42,8.166666666666666,8.88888888888889,8.4,3,2,4,53,81,32,8.833333333333334,9.0,6.4,3,2,3,SRH,2023,KKR
46,1359522,"Sawai Mansingh Stadium, Jaipur", Jaipur,58162,Rajasthan Royals,BAT FIRST,Rashid Khan,"Gujarat Titans 2, Rajasthan Royals 0",False,17.5,13.5,GT,"Sanju Samson , Trent Boult ","Yuzvendra Chahal, Sandeep Sharma","Wriddhiman Saha *, Hardik Pandya *","Rashid Khan, Noor Ahmad", May 05 2023,"48th Match (N), Jaipur, May 05, 2023, Indian Premier League",RR,GT,118,118,10,119/1,119,1,Titans won by 9 wickets (with 37 balls remaining),/series/indian-premier-league-2023-1345038/rajasthan-royals-vs-gujarat-titans-48th-match-1359522/live-cricket-score,/series/indian-premier-league-2023-1345038/rajasthan-royals-vs-gujarat-titans-48th-match-1359522/match-overs-comparison,50,50,18,8.333333333333334,5.555555555555555,0.0,2,6,2,49,70,0,8.166666666666666,8.75,0.0,0,1,0,RR,2023,GT
47,1359523,"MA Chidambaram Stadium, Chepauk, Chennai", Chennai,58008,Chennai Super Kings,BOWL FIRST,Matheesha Pathirana,"Chennai Super Kings 2, Mumbai Indians 0",False,20,17.4,CSK,"Nehal Wadhera , Suryakumar Yadav ","Piyush Chawla, Akash Madhwal","Devon Conway , Ruturaj Gaikwad ","Matheesha Pathirana, Deepak Chahar", May 06 2023,"49th Match (D/N), Chennai, May 06, 2023, Indian Premier League",MI,CSK,139/8,139,8,140/4,140,4,Super Kings won by 6 wickets (with 14 balls remaining),/series/indian-premier-league-2023-1345038/chennai-super-kings-vs-mumbai-indians-49th-match-1359523/live-cricket-score,/series/indian-premier-league-2023-1345038/chennai-super-kings-vs-mumbai-indians-49th-match-1359523/match-overs-comparison,34,59,46,5.666666666666667,6.555555555555555,9.2,3,1,4,55,68,17,9.166666666666666,7.555555555555555,5.666666666666667,1,2,1,CSK,2023,MI
48,1359524,"Arun Jaitley Stadium, Delhi", Delhi,58040,Royal Challengers Bangalore,BAT FIRST,Phil Salt,"Delhi Capitals 2, Royal Challengers Bangalore 0",False,20,16.4,DC,"Virat Kohli , Mahipal Lomror *","Josh Hazlewood, Karn Sharma","Phil Salt , Rilee Rossouw *","Mitchell Marsh, Mukesh Kumar", May 06 2023,"50th Match (N), Delhi, May 06, 2023, Indian Premier League",RCB,DC,181/4,181,4,187/3,187,3,Capitals won by 7 wickets (with 20 balls remaining),/series/indian-premier-league-2023-1345038/delhi-capitals-vs-royal-challengers-bangalore-50th-match-1359524/live-cricket-score,/series/indian-premier-league-2023-1345038/delhi-capitals-vs-royal-challengers-bangalore-50th-match-1359524/match-overs-comparison,51,75,55,8.5,8.333333333333334,11.0,0,2,2,70,96,21,11.666666666666666,10.666666666666666,10.5,1,1,1,DC,2023,RCB
49,1359525,"Narendra Modi Stadium, Ahmedabad", Ahmedabad,57851,Lucknow Super Giants,BOWL FIRST,Shubman Gill,"Gujarat Titans 2, Lucknow Super Giants 0",False,20,20,GT,"Shubman Gill *, Wriddhiman Saha ","Mohit Sharma, Noor Ahmad","Quinton de Kock , Kyle Mayers ","Avesh Khan, Mohsin Khan", May 07 2023,"51st Match (D/N), Ahmedabad, May 07, 2023, Indian Premier League",GT,LSG,227/2,227,2,171/7,171,7,Titans won by 56 runs,/series/indian-premier-league-2023-1345038/gujarat-titans-vs-lucknow-super-giants-51st-match-1359525/live-cricket-score,/series/indian-premier-league-2023-1345038/gujarat-titans-vs-lucknow-super-giants-51st-match-1359525/match-overs-comparison,78,98,51,13.0,10.88888888888889,10.2,0,1,1,72,58,41,12.0,6.444444444444445,8.2,0,3,4,GT,2023,LSG
50,1359526,"Sawai Mansingh Stadium, Jaipur", Jaipur,58162,Rajasthan Royals,BAT FIRST,Glenn Phillips,"Sunrisers Hyderabad 2, Rajasthan Royals 0",False,20,20,SRH,"Jos Buttler , Sanju Samson *","Yuzvendra Chahal, Ravichandran Ashwin","Abhishek Sharma , Rahul Tripathi ","Bhuvneshwar Kumar, Marco Jansen", May 07 2023,"52nd Match (N), Jaipur, May 07, 2023, Indian Premier League",RR,SRH,214/2,214,2,217/6,217,6,Sunrisers won by 4 wickets (with 0 balls remaining),/series/indian-premier-league-2023-1345038/rajasthan-royals-vs-sunrisers-hyderabad-52nd-match-1359526/live-cricket-score,/series/indian-premier-league-2023-1345038/rajasthan-royals-vs-sunrisers-hyderabad-52nd-match-1359526/match-overs-comparison,61,93,60,10.166666666666666,10.333333333333334,12.0,1,0,1,52,94,71,8.666666666666666,10.444444444444445,14.2,1,1,4,RR,2023,SRH
51,1359527,"Eden Gardens, Kolkata", Kolkata,57980,Punjab Kings,BAT FIRST,Andre Russell,"Kolkata Knight Riders 2, Punjab Kings 0",False,20,20,KKR,"Shikhar Dhawan , M Shahrukh Khan *","Rahul Chahar, Harpreet Brar","Nitish Rana , Andre Russell ","Varun Chakravarthy, Harshit Rana", May 08 2023,"53rd Match (N), Eden Gardens, May 08, 2023, Indian Premier League",PBKS,KKR,179/7,179,7,182/5,182,5,KKR won by 5 wickets (with 0 balls remaining),/series/indian-premier-league-2023-1345038/kolkata-knight-riders-vs-punjab-kings-53rd-match-1359527/live-cricket-score,/series/indian-premier-league-2023-1345038/kolkata-knight-riders-vs-punjab-kings-53rd-match-1359527/match-overs-comparison,58,66,55,9.666666666666666,7.333333333333333,11.0,3,2,2,52,70,60,8.666666666666666,7.777777777777778,12.0,1,2,2,KKR,2023,PBKS
52,1359528,"Wankhede Stadium, Mumbai", Mumbai,58324,Mumbai Indians,BOWL FIRST,Suryakumar Yadav,"Mumbai Indians 2, Royal Challengers Bangalore 0",False,20,16.3,MI,"Glenn Maxwell , Faf du Plessis ","Vijaykumar Vyshak, Wanindu Hasaranga","Suryakumar Yadav , Nehal Wadhera *","Jason Behrendorff, Cameron Green", May 09 2023,"54th Match (N), Wankhede, May 09, 2023, Indian Premier League",RCB,MI,199/6,199,6,200/4,200,4,Mumbai won by 6 wickets (with 21 balls remaining),/series/indian-premier-league-2023-1345038/mumbai-indians-vs-royal-challengers-bangalore-54th-match-1359528/live-cricket-score,/series/indian-premier-league-2023-1345038/mumbai-indians-vs-royal-challengers-bangalore-54th-match-1359528/match-overs-comparison,56,96,47,9.333333333333334,10.666666666666666,9.4,2,3,1,62,112,26,10.333333333333334,12.444444444444445,13.0,2,0,2,MI,2023,RCB
53,1359529,"MA Chidambaram Stadium, Chepauk, Chennai", Chennai,58008,Chennai Super Kings,BAT FIRST,Ravindra Jadeja,"Chennai Super Kings 2, Delhi Capitals 0",False,20,20,CSK,"Shivam Dube , Ruturaj Gaikwad ","Matheesha Pathirana, Deepak Chahar","Rilee Rossouw , Manish Pandey ","Mitchell Marsh, Axar Patel", May 10 2023,"55th Match (N), Chennai, May 10, 2023, Indian Premier League",CSK,DC,167/8,167,8,140/8,140,8,Super Kings won by 27 runs,/series/indian-premier-league-2023-1345038/chennai-super-kings-vs-delhi-capitals-55th-match-1359529/live-cricket-score,/series/indian-premier-league-2023-1345038/chennai-super-kings-vs-delhi-capitals-55th-match-1359529/match-overs-comparison,49,68,50,8.166666666666666,7.555555555555555,10.0,1,4,3,47,44,49,7.833333333333333,4.888888888888889,9.8,3,2,3,CSK,2023,DC
54,1359530,"Eden Gardens, Kolkata", Kolkata,57980,Rajasthan Royals,BOWL FIRST,Yashasvi Jaiswal,"Rajasthan Royals 2, Kolkata Knight Riders 0",False,20,13.1,RR,"Venkatesh Iyer , Nitish Rana ","Sunil Narine, Suyash Sharma","Yashasvi Jaiswal *, Sanju Samson *","Yuzvendra Chahal, Trent Boult", May 11 2023,"56th Match (N), Eden Gardens, May 11, 2023, Indian Premier League",KKR,RR,149/8,149,8,151/1,151,1,Royals won by 9 wickets (with 41 balls remaining),/series/indian-premier-league-2023-1345038/kolkata-knight-riders-vs-rajasthan-royals-56th-match-1359530/live-cricket-score,/series/indian-premier-league-2023-1345038/kolkata-knight-riders-vs-rajasthan-royals-56th-match-1359530/match-overs-comparison,37,79,33,6.166666666666667,8.777777777777779,0.0,2,2,4,78,73,0,13.0,9.125,0.0,1,0,0,KKR,2023,RR
55,1359531,"Wankhede Stadium, Mumbai", Mumbai,58324,Gujarat Titans,BOWL FIRST,Suryakumar Yadav,"Mumbai Indians 2, Gujarat Titans 0",False,20,20,MI,"Suryakumar Yadav *, Ishan Kishan ","Akash Madhwal, Piyush Chawla","Rashid Khan *, David Miller ","Rashid Khan, Mohit Sharma", May 12 2023,"57th Match (N), Wankhede, May 12, 2023, Indian Premier League",MI,GT,218/5,218,5,191/8,191,8,Mumbai won by 27 runs,/series/indian-premier-league-2023-1345038/mumbai-indians-vs-gujarat-titans-57th-match-1359531/live-cricket-score,/series/indian-premier-league-2023-1345038/mumbai-indians-vs-gujarat-titans-57th-match-1359531/match-overs-comparison,61,90,67,10.166666666666666,10.0,13.4,0,3,2,48,82,61,8.0,9.11111111111111,12.2,3,5,0,MI,2023,GT
56,1359532,"Rajiv Gandhi International Stadium, Uppal, Hyderabad", Hyderabad,58142,Sunrisers Hyderabad,BAT FIRST,Prerak Mankad,"Lucknow Super Giants 2, Sunrisers Hyderabad 0",False,20,19.2,LSG,"Heinrich Klaasen , Abdul Samad *","Glenn Phillips, Mayank Markande","Prerak Mankad *, Nicholas Pooran *","Krunal Pandya, Yash Thakur", May 13 2023,"58th Match (D/N), Hyderabad, May 13, 2023, Indian Premier League",SRH,LSG,182/6,182,6,185/3,185,3,Super Giants won by 7 wickets (with 4 balls remaining),/series/indian-premier-league-2023-1345038/sunrisers-hyderabad-vs-lucknow-super-giants-58th-match-1359532/live-cricket-score,/series/indian-premier-league-2023-1345038/sunrisers-hyderabad-vs-lucknow-super-giants-58th-match-1359532/match-overs-comparison,56,74,52,9.333333333333334,8.222222222222221,10.4,2,3,1,30,84,71,5.0,9.333333333333334,14.2,1,1,1,SRH,2023,LSG
57,1359533,"Arun Jaitley Stadium, Delhi", Delhi,58040,Delhi Capitals,BOWL FIRST,Prabhsimran Singh,"Punjab Kings 2, Delhi Capitals 0",False,20,20,PBKS,"Prabhsimran Singh , Sam Curran ","Harpreet Brar, Rahul Chahar","David Warner , Phil Salt ","Ishant Sharma, Mukesh Kumar", May 13 2023,"59th Match (N), Delhi, May 13, 2023, Indian Premier League",PBKS,DC,167/7,167,7,136/8,136,8,Punjab Kings won by 31 runs,/series/indian-premier-league-2023-1345038/delhi-capitals-vs-punjab-kings-59th-match-1359533/live-cricket-score,/series/indian-premier-league-2023-1345038/delhi-capitals-vs-punjab-kings-59th-match-1359533/match-overs-comparison,46,71,50,7.666666666666667,7.888888888888889,10.0,3,1,3,65,50,21,10.833333333333334,5.555555555555555,4.2,0,6,2,DC,2023,PBKS
58,1359534,"Sawai Mansingh Stadium, Jaipur", Jaipur,58162,Royal Challengers Bangalore,BAT FIRST,Wayne Parnell,"Royal Challengers Bangalore 2, Rajasthan Royals 0",False,20,10.3,RCB,"Faf du Plessis , Glenn Maxwell ","Wayne Parnell, Michael Bracewell","Shimron Hetmyer , Joe Root ","Adam Zampa, KM Asif", May 14 2023,"60th Match (D/N), Jaipur, May 14, 2023, Indian Premier League",RCB,RR,171/5,171,5,59,59,10,RCB won by 112 runs,/series/indian-premier-league-2023-1345038/rajasthan-royals-vs-royal-challengers-bangalore-60th-match-1359534/live-cricket-score,/series/indian-premier-league-2023-1345038/rajasthan-royals-vs-royal-challengers-bangalore-60th-match-1359534/match-overs-comparison,42,78,51,7.0,8.666666666666666,0.0,0,2,3,28,31,0,4.666666666666667,6.2,0.0,5,5,0,RR,2023,RCB
59,1359535,"MA Chidambaram Stadium, Chepauk, Chennai", Chennai,58008,Chennai Super Kings,BAT FIRST,Rinku Singh,"Kolkata Knight Riders 2, Chennai Super Kings 0",False,20,18.3,KKR,"Shivam Dube *, Devon Conway ","Deepak Chahar, Tushar Deshpande","Nitish Rana *, Rinku Singh ","Sunil Narine, Varun Chakravarthy", May 14 2023,"61st Match (N), Chennai, May 14, 2023, Indian Premier League",CSK,KKR,144/6,144,6,147/4,147,4,KKR won by 6 wickets (with 9 balls remaining),/series/indian-premier-league-2023-1345038/chennai-super-kings-vs-kolkata-knight-riders-61st-match-1359535/live-cricket-score,/series/indian-premier-league-2023-1345038/chennai-super-kings-vs-kolkata-knight-riders-61st-match-1359535/match-overs-comparison,52,40,52,8.666666666666666,4.444444444444445,10.4,1,4,1,46,71,30,7.666666666666667,7.888888888888889,7.5,3,0,1,CSK,2023,KKR
60,1359536,"Narendra Modi Stadium, Ahmedabad", Ahmedabad,57851,Sunrisers Hyderabad,BOWL FIRST,Shubman Gill,"Gujarat Titans 2, Sunrisers Hyderabad 0",False,20,20,GT,"Shubman Gill , Sai Sudharsan ","Mohammed Shami, Mohit Sharma","Heinrich Klaasen , Bhuvneshwar Kumar ","Bhuvneshwar Kumar, T Natarajan", May 15 2023,"62nd Match (N), Ahmedabad, May 15, 2023, Indian Premier League",GT,SRH,188/9,188,9,154/9,154,9,Titans won by 34 runs,/series/indian-premier-league-2023-1345038/gujarat-titans-vs-sunrisers-hyderabad-62nd-match-1359536/live-cricket-score,/series/indian-premier-league-2023-1345038/gujarat-titans-vs-sunrisers-hyderabad-62nd-match-1359536/match-overs-comparison,65,89,34,10.833333333333334,9.88888888888889,6.8,1,1,7,45,66,43,7.5,7.333333333333333,8.6,4,3,2,GT,2023,SRH
61,1359538,"Himachal Pradesh Cricket Association Stadium, Dharamsala", Dharamsala,58056,Punjab Kings,BOWL FIRST,Rilee Rossouw,"Delhi Capitals 2, Punjab Kings 0",False,20,20,DC,"Rilee Rossouw *, Prithvi Shaw ","Anrich Nortje, Ishant Sharma","Liam Livingstone , Atharva Taide ","Sam Curran, Rahul Chahar", May 17 2023,"64th Match (N), Dharamsala, May 17, 2023, Indian Premier League",DC,PBKS,213/2,213,2,198/8,198,8,Capitals won by 15 runs,/series/indian-premier-league-2023-1345038/punjab-kings-vs-delhi-capitals-64th-match-1359538/live-cricket-score,/series/indian-premier-league-2023-1345038/punjab-kings-vs-delhi-capitals-64th-match-1359538/match-overs-comparison,61,87,65,10.166666666666666,9.666666666666666,13.0,0,2,0,47,81,70,7.833333333333333,9.0,14.0,1,2,5,KXIP,2023,PBKS
